solid OpenSCAD_Model
  facet normal 0 0 -1
    outer loop
      vertex 263.734 -121.811 0
      vertex 273.515 -121.811 0
      vertex 273.935 -121.841 0
    endloop
  endfacet
  facet normal 0 0 -1
    outer loop
      vertex 263.734 -121.811 0
      vertex 273.935 -121.841 0
      vertex 274.346 -121.93 0
    endloop
  endfacet
  facet normal 0 0 -1
    outer loop
      vertex 263.734 -121.811 0
      vertex 274.346 -121.93 0
      vertex 274.74 -122.078 0
    endloop
  endfacet
  facet normal 0 0 -1
    outer loop
      vertex 263.734 -121.811 0
      vertex 274.74 -122.078 0
      vertex 275.11 -122.279 0
    endloop
  endfacet
  facet normal 0 0 -1
    outer loop
      vertex 263.734 -121.811 0
      vertex 275.11 -122.279 0
      vertex 275.447 -122.532 0
    endloop
  endfacet
  facet normal 0 0 -1
    outer loop
      vertex 263.734 -121.811 0
      vertex 275.447 -122.532 0
      vertex 275.744 -122.829 0
    endloop
  endfacet
  facet normal 0 0 -1
    outer loop
      vertex 263.734 -121.811 0
      vertex 275.744 -122.829 0
      vertex 275.997 -123.166 0
    endloop
  endfacet
  facet normal 0 0 -1
    outer loop
      vertex 263.734 -121.811 0
      vertex 275.997 -123.166 0
      vertex 276.198 -123.535 0
    endloop
  endfacet
  facet normal 0 0 -1
    outer loop
      vertex 263.734 -121.811 0
      vertex 276.198 -123.535 0
      vertex 276.345 -123.93 0
    endloop
  endfacet
  facet normal 0 0 -1
    outer loop
      vertex 263.734 -121.811 0
      vertex 276.345 -123.93 0
      vertex 276.435 -124.341 0
    endloop
  endfacet
  facet normal 0 0 -1
    outer loop
      vertex 263.734 -121.811 0
      vertex 276.435 -124.341 0
      vertex 276.465 -124.761 0
    endloop
  endfacet
  facet normal 0 0 -1
    outer loop
      vertex 263.734 -121.811 0
      vertex 276.465 -124.761 0
      vertex 276.465 -130.286 0
    endloop
  endfacet
  facet normal 0 0 -1
    outer loop
      vertex 263.734 -121.811 0
      vertex 276.465 -130.286 0
      vertex 272.09 -130.286 0
    endloop
  endfacet
  facet normal 0 -0 -1
    outer loop
      vertex 263.734 -121.811 0
      vertex 272.09 -130.286 0
      vertex 261.39 -130.286 0
    endloop
  endfacet
  facet normal 0 0 -1
    outer loop
      vertex 263.734 -121.811 0
      vertex 261.39 -130.286 0
      vertex 257.015 -130.286 0
    endloop
  endfacet
  facet normal 0 0 -1
    outer loop
      vertex 263.734 -121.811 0
      vertex 257.015 -130.286 0
      vertex 257.015 -124.761 0
    endloop
  endfacet
  facet normal 0 0 -1
    outer loop
      vertex 263.734 -121.811 0
      vertex 257.015 -124.761 0
      vertex 257.045 -124.341 0
    endloop
  endfacet
  facet normal 0 0 -1
    outer loop
      vertex 263.734 -121.811 0
      vertex 257.045 -124.341 0
      vertex 257.135 -123.93 0
    endloop
  endfacet
  facet normal 0 0 -1
    outer loop
      vertex 263.734 -121.811 0
      vertex 257.135 -123.93 0
      vertex 257.282 -123.535 0
    endloop
  endfacet
  facet normal 0 0 -1
    outer loop
      vertex 263.734 -121.811 0
      vertex 257.282 -123.535 0
      vertex 257.484 -123.166 0
    endloop
  endfacet
  facet normal 0 0 -1
    outer loop
      vertex 263.734 -121.811 0
      vertex 257.484 -123.166 0
      vertex 257.736 -122.829 0
    endloop
  endfacet
  facet normal 0 0 -1
    outer loop
      vertex 263.734 -121.811 0
      vertex 257.736 -122.829 0
      vertex 258.034 -122.532 0
    endloop
  endfacet
  facet normal 0 0 -1
    outer loop
      vertex 263.734 -121.811 0
      vertex 258.034 -122.532 0
      vertex 258.37 -122.279 0
    endloop
  endfacet
  facet normal 0 0 -1
    outer loop
      vertex 263.734 -121.811 0
      vertex 258.37 -122.279 0
      vertex 258.74 -122.078 0
    endloop
  endfacet
  facet normal 0 0 -1
    outer loop
      vertex 263.734 -121.811 0
      vertex 258.74 -122.078 0
      vertex 259.134 -121.93 0
    endloop
  endfacet
  facet normal 0 0 -1
    outer loop
      vertex 263.734 -121.811 0
      vertex 259.134 -121.93 0
      vertex 259.546 -121.841 0
    endloop
  endfacet
  facet normal -0 0 -1
    outer loop
      vertex 263.734 -121.811 0
      vertex 259.546 -121.841 0
      vertex 259.965 -121.811 0
    endloop
  endfacet
  facet normal 0 0 -1
    outer loop
      vertex 261.39 -130.286 0
      vertex 261.297 -130.301 0
      vertex 257.015 -130.301 0
    endloop
  endfacet
  facet normal -0 0 -1
    outer loop
      vertex 261.39 -130.286 0
      vertex 257.015 -130.301 0
      vertex 257.015 -130.286 0
    endloop
  endfacet
  facet normal 0 -0 -1
    outer loop
      vertex 276.465 -130.286 0
      vertex 276.465 -130.301 0
      vertex 272.183 -130.301 0
    endloop
  endfacet
  facet normal -0 0 -1
    outer loop
      vertex 276.465 -130.286 0
      vertex 272.183 -130.301 0
      vertex 272.09 -130.286 0
    endloop
  endfacet
  facet normal 0 0 -1
    outer loop
      vertex 261.297 -130.301 0
      vertex 261.214 -130.343 0
      vertex 257.015 -130.343 0
    endloop
  endfacet
  facet normal -0 0 -1
    outer loop
      vertex 261.297 -130.301 0
      vertex 257.015 -130.343 0
      vertex 257.015 -130.301 0
    endloop
  endfacet
  facet normal 0 -0 -1
    outer loop
      vertex 276.465 -130.301 0
      vertex 276.465 -130.343 0
      vertex 272.266 -130.343 0
    endloop
  endfacet
  facet normal -0 0 -1
    outer loop
      vertex 276.465 -130.301 0
      vertex 272.266 -130.343 0
      vertex 272.183 -130.301 0
    endloop
  endfacet
  facet normal 0 0 -1
    outer loop
      vertex 261.214 -130.343 0
      vertex 261.147 -130.41 0
      vertex 257.015 -130.41 0
    endloop
  endfacet
  facet normal -0 0 -1
    outer loop
      vertex 261.214 -130.343 0
      vertex 257.015 -130.41 0
      vertex 257.015 -130.343 0
    endloop
  endfacet
  facet normal 0 -0 -1
    outer loop
      vertex 276.465 -130.343 0
      vertex 276.465 -130.41 0
      vertex 272.333 -130.41 0
    endloop
  endfacet
  facet normal -0 0 -1
    outer loop
      vertex 276.465 -130.343 0
      vertex 272.333 -130.41 0
      vertex 272.266 -130.343 0
    endloop
  endfacet
  facet normal 0 0 -1
    outer loop
      vertex 261.147 -130.41 0
      vertex 261.105 -130.493 0
      vertex 257.015 -130.493 0
    endloop
  endfacet
  facet normal -0 0 -1
    outer loop
      vertex 261.147 -130.41 0
      vertex 257.015 -130.493 0
      vertex 257.015 -130.41 0
    endloop
  endfacet
  facet normal 0 -0 -1
    outer loop
      vertex 276.465 -130.41 0
      vertex 276.465 -130.493 0
      vertex 272.375 -130.493 0
    endloop
  endfacet
  facet normal -0 0 -1
    outer loop
      vertex 276.465 -130.41 0
      vertex 272.375 -130.493 0
      vertex 272.333 -130.41 0
    endloop
  endfacet
  facet normal 0 -0 -1
    outer loop
      vertex 276.465 -130.493 0
      vertex 276.465 -130.586 0
      vertex 272.39 -130.586 0
    endloop
  endfacet
  facet normal -0 0 -1
    outer loop
      vertex 276.465 -130.493 0
      vertex 272.39 -130.586 0
      vertex 272.375 -130.493 0
    endloop
  endfacet
  facet normal 0 0 -1
    outer loop
      vertex 261.105 -130.493 0
      vertex 261.09 -130.586 0
      vertex 257.015 -130.586 0
    endloop
  endfacet
  facet normal -0 0 -1
    outer loop
      vertex 261.105 -130.493 0
      vertex 257.015 -130.586 0
      vertex 257.015 -130.493 0
    endloop
  endfacet
  facet normal 0 -0 -1
    outer loop
      vertex 261.09 -130.586 0
      vertex 261.09 -155.786 0
      vertex 257.015 -155.786 0
    endloop
  endfacet
  facet normal -0 0 -1
    outer loop
      vertex 261.09 -130.586 0
      vertex 257.015 -155.786 0
      vertex 257.015 -130.586 0
    endloop
  endfacet
  facet normal 0 -0 -1
    outer loop
      vertex 276.465 -130.586 0
      vertex 276.465 -155.786 0
      vertex 272.39 -155.786 0
    endloop
  endfacet
  facet normal -0 0 -1
    outer loop
      vertex 276.465 -130.586 0
      vertex 272.39 -155.786 0
      vertex 272.39 -130.586 0
    endloop
  endfacet
  facet normal 0 -0 -1
    outer loop
      vertex 261.09 -155.786 0
      vertex 261.105 -155.879 0
      vertex 257.015 -155.879 0
    endloop
  endfacet
  facet normal -0 0 -1
    outer loop
      vertex 261.09 -155.786 0
      vertex 257.015 -155.879 0
      vertex 257.015 -155.786 0
    endloop
  endfacet
  facet normal 0 -0 -1
    outer loop
      vertex 276.465 -155.786 0
      vertex 276.465 -155.879 0
      vertex 272.375 -155.879 0
    endloop
  endfacet
  facet normal -0 0 -1
    outer loop
      vertex 276.465 -155.786 0
      vertex 272.375 -155.879 0
      vertex 272.39 -155.786 0
    endloop
  endfacet
  facet normal 0 -0 -1
    outer loop
      vertex 261.105 -155.879 0
      vertex 261.147 -155.962 0
      vertex 257.015 -155.962 0
    endloop
  endfacet
  facet normal -0 0 -1
    outer loop
      vertex 261.105 -155.879 0
      vertex 257.015 -155.962 0
      vertex 257.015 -155.879 0
    endloop
  endfacet
  facet normal 0 -0 -1
    outer loop
      vertex 276.465 -155.879 0
      vertex 276.465 -155.962 0
      vertex 272.333 -155.962 0
    endloop
  endfacet
  facet normal -0 0 -1
    outer loop
      vertex 276.465 -155.879 0
      vertex 272.333 -155.962 0
      vertex 272.375 -155.879 0
    endloop
  endfacet
  facet normal 0 -0 -1
    outer loop
      vertex 261.147 -155.962 0
      vertex 261.214 -156.029 0
      vertex 257.015 -156.029 0
    endloop
  endfacet
  facet normal -0 0 -1
    outer loop
      vertex 261.147 -155.962 0
      vertex 257.015 -156.029 0
      vertex 257.015 -155.962 0
    endloop
  endfacet
  facet normal 0 -0 -1
    outer loop
      vertex 276.465 -155.962 0
      vertex 276.465 -156.029 0
      vertex 272.266 -156.029 0
    endloop
  endfacet
  facet normal -0 0 -1
    outer loop
      vertex 276.465 -155.962 0
      vertex 272.266 -156.029 0
      vertex 272.333 -155.962 0
    endloop
  endfacet
  facet normal 0 -0 -1
    outer loop
      vertex 261.214 -156.029 0
      vertex 261.297 -156.071 0
      vertex 257.015 -156.071 0
    endloop
  endfacet
  facet normal -0 0 -1
    outer loop
      vertex 261.214 -156.029 0
      vertex 257.015 -156.071 0
      vertex 257.015 -156.029 0
    endloop
  endfacet
  facet normal 0 -0 -1
    outer loop
      vertex 276.465 -156.029 0
      vertex 276.465 -156.071 0
      vertex 272.183 -156.071 0
    endloop
  endfacet
  facet normal -0 0 -1
    outer loop
      vertex 276.465 -156.029 0
      vertex 272.183 -156.071 0
      vertex 272.266 -156.029 0
    endloop
  endfacet
  facet normal 0 -0 -1
    outer loop
      vertex 276.465 -156.071 0
      vertex 276.465 -156.086 0
      vertex 272.09 -156.086 0
    endloop
  endfacet
  facet normal -0 0 -1
    outer loop
      vertex 276.465 -156.071 0
      vertex 272.09 -156.086 0
      vertex 272.183 -156.071 0
    endloop
  endfacet
  facet normal 0 -0 -1
    outer loop
      vertex 261.297 -156.071 0
      vertex 261.39 -156.086 0
      vertex 257.015 -156.086 0
    endloop
  endfacet
  facet normal -0 0 -1
    outer loop
      vertex 261.297 -156.071 0
      vertex 257.015 -156.086 0
      vertex 257.015 -156.071 0
    endloop
  endfacet
  facet normal 0 -0 0
    outer loop
      vertex 272.09 -156.086 0
      vertex 276.465 -156.086 0
      vertex 265.499 -156.086 0
    endloop
  endfacet
  facet normal 0 0 0
    outer loop
      vertex 272.09 -156.086 0
      vertex 265.499 -156.086 0
      vertex 271.745 -156.086 0
    endloop
  endfacet
  facet normal 0 0 0
    outer loop
      vertex 261.39 -156.086 0
      vertex 265.499 -156.086 0
      vertex 276.465 -156.086 0
    endloop
  endfacet
  facet normal 0 0 -1
    outer loop
      vertex 261.39 -156.086 0
      vertex 276.465 -156.086 0
      vertex 276.465 -166.339 0
    endloop
  endfacet
  facet normal 0 -0 -1
    outer loop
      vertex 261.39 -156.086 0
      vertex 276.465 -166.339 0
      vertex 260.022 -166.339 0
    endloop
  endfacet
  facet normal 0 0 -1
    outer loop
      vertex 261.39 -156.086 0
      vertex 260.022 -166.339 0
      vertex 257.015 -166.339 0
    endloop
  endfacet
  facet normal -0 0 -1
    outer loop
      vertex 261.39 -156.086 0
      vertex 257.015 -166.339 0
      vertex 257.015 -156.086 0
    endloop
  endfacet
  facet normal 0 0 -1
    outer loop
      vertex 260.022 -166.339 0
      vertex 259.695 -166.364 0
      vertex 257.015 -166.364 0
    endloop
  endfacet
  facet normal -0 0 -1
    outer loop
      vertex 260.022 -166.339 0
      vertex 257.015 -166.364 0
      vertex 257.015 -166.339 0
    endloop
  endfacet
  facet normal 0 -0 -1
    outer loop
      vertex 276.465 -166.339 0
      vertex 276.465 -166.412 0
      vertex 260.342 -166.412 0
    endloop
  endfacet
  facet normal -0 0 -1
    outer loop
      vertex 276.465 -166.339 0
      vertex 260.342 -166.412 0
      vertex 260.022 -166.339 0
    endloop
  endfacet
  facet normal 0 0 -1
    outer loop
      vertex 259.695 -166.364 0
      vertex 259.39 -166.483 0
      vertex 257.015 -166.483 0
    endloop
  endfacet
  facet normal -0 0 -1
    outer loop
      vertex 259.695 -166.364 0
      vertex 257.015 -166.483 0
      vertex 257.015 -166.364 0
    endloop
  endfacet
  facet normal 0 -0 -1
    outer loop
      vertex 276.465 -166.412 0
      vertex 276.465 -166.576 0
      vertex 260.626 -166.576 0
    endloop
  endfacet
  facet normal -0 0 -1
    outer loop
      vertex 276.465 -166.412 0
      vertex 260.626 -166.576 0
      vertex 260.342 -166.412 0
    endloop
  endfacet
  facet normal 0 0 -1
    outer loop
      vertex 259.39 -166.483 0
      vertex 259.134 -166.688 0
      vertex 257.015 -166.688 0
    endloop
  endfacet
  facet normal -0 0 -1
    outer loop
      vertex 259.39 -166.483 0
      vertex 257.015 -166.688 0
      vertex 257.015 -166.483 0
    endloop
  endfacet
  facet normal 0 -0 -1
    outer loop
      vertex 276.465 -166.576 0
      vertex 276.465 -166.816 0
      vertex 260.849 -166.816 0
    endloop
  endfacet
  facet normal -0 0 -1
    outer loop
      vertex 276.465 -166.576 0
      vertex 260.849 -166.816 0
      vertex 260.626 -166.576 0
    endloop
  endfacet
  facet normal 0 0 -1
    outer loop
      vertex 259.134 -166.688 0
      vertex 258.949 -166.959 0
      vertex 257.015 -166.959 0
    endloop
  endfacet
  facet normal -0 0 -1
    outer loop
      vertex 259.134 -166.688 0
      vertex 257.015 -166.959 0
      vertex 257.015 -166.688 0
    endloop
  endfacet
  facet normal 0 -0 -1
    outer loop
      vertex 276.465 -166.816 0
      vertex 276.465 -167.112 0
      vertex 260.991 -167.112 0
    endloop
  endfacet
  facet normal -0 0 -1
    outer loop
      vertex 276.465 -166.816 0
      vertex 260.991 -167.112 0
      vertex 260.849 -166.816 0
    endloop
  endfacet
  facet normal 0 0 -1
    outer loop
      vertex 258.949 -166.959 0
      vertex 258.852 -167.272 0
      vertex 257.015 -167.272 0
    endloop
  endfacet
  facet normal -0 0 -1
    outer loop
      vertex 258.949 -166.959 0
      vertex 257.015 -167.272 0
      vertex 257.015 -166.959 0
    endloop
  endfacet
  facet normal 0 -0 -1
    outer loop
      vertex 276.465 -167.112 0
      vertex 276.465 -167.436 0
      vertex 261.04 -167.436 0
    endloop
  endfacet
  facet normal -0 0 -1
    outer loop
      vertex 276.465 -167.112 0
      vertex 261.04 -167.436 0
      vertex 260.991 -167.112 0
    endloop
  endfacet
  facet normal 0 -0 -1
    outer loop
      vertex 258.852 -167.272 0
      vertex 258.852 -167.6 0
      vertex 257.027 -167.6 0
    endloop
  endfacet
  facet normal 0 0 -1
    outer loop
      vertex 258.852 -167.272 0
      vertex 257.027 -167.6 0
      vertex 257.015 -167.427 0
    endloop
  endfacet
  facet normal -0 0 -1
    outer loop
      vertex 258.852 -167.272 0
      vertex 257.015 -167.427 0
      vertex 257.015 -167.272 0
    endloop
  endfacet
  facet normal 0 -0 -1
    outer loop
      vertex 276.465 -167.436 0
      vertex 276.465 -167.76 0
      vertex 260.991 -167.76 0
    endloop
  endfacet
  facet normal -0 0 -1
    outer loop
      vertex 276.465 -167.436 0
      vertex 260.991 -167.76 0
      vertex 261.04 -167.436 0
    endloop
  endfacet
  facet normal 0 -0 -1
    outer loop
      vertex 258.852 -167.6 0
      vertex 258.949 -167.913 0
      vertex 257.061 -167.913 0
    endloop
  endfacet
  facet normal 0 0 -1
    outer loop
      vertex 258.852 -167.6 0
      vertex 257.061 -167.913 0
      vertex 257.041 -167.812 0
    endloop
  endfacet
  facet normal -0 0 -1
    outer loop
      vertex 258.852 -167.6 0
      vertex 257.041 -167.812 0
      vertex 257.027 -167.6 0
    endloop
  endfacet
  facet normal 0 -0 -1
    outer loop
      vertex 276.465 -167.76 0
      vertex 276.465 -168.056 0
      vertex 260.849 -168.056 0
    endloop
  endfacet
  facet normal -0 0 -1
    outer loop
      vertex 276.465 -167.76 0
      vertex 260.849 -168.056 0
      vertex 260.991 -167.76 0
    endloop
  endfacet
  facet normal 0 -0 -1
    outer loop
      vertex 258.949 -167.913 0
      vertex 259.134 -168.184 0
      vertex 257.115 -168.184 0
    endloop
  endfacet
  facet normal -0 0 -1
    outer loop
      vertex 258.949 -167.913 0
      vertex 257.115 -168.184 0
      vertex 257.061 -167.913 0
    endloop
  endfacet
  facet normal 0 -0 -1
    outer loop
      vertex 276.465 -168.056 0
      vertex 276.465 -168.296 0
      vertex 260.626 -168.296 0
    endloop
  endfacet
  facet normal -0 0 -1
    outer loop
      vertex 276.465 -168.056 0
      vertex 260.626 -168.296 0
      vertex 260.849 -168.056 0
    endloop
  endfacet
  facet normal 0 -0 -1
    outer loop
      vertex 259.134 -168.184 0
      vertex 259.39 -168.389 0
      vertex 257.183 -168.389 0
    endloop
  endfacet
  facet normal 0 0 -1
    outer loop
      vertex 259.134 -168.184 0
      vertex 257.183 -168.389 0
      vertex 257.116 -168.191 0
    endloop
  endfacet
  facet normal -0 0 -1
    outer loop
      vertex 259.134 -168.184 0
      vertex 257.116 -168.191 0
      vertex 257.115 -168.184 0
    endloop
  endfacet
  facet normal 0 -0 -1
    outer loop
      vertex 276.465 -168.296 0
      vertex 276.465 -168.46 0
      vertex 260.342 -168.46 0
    endloop
  endfacet
  facet normal -0 0 -1
    outer loop
      vertex 276.465 -168.296 0
      vertex 260.342 -168.46 0
      vertex 260.626 -168.296 0
    endloop
  endfacet
  facet normal 0 -0 -1
    outer loop
      vertex 259.39 -168.389 0
      vertex 259.695 -168.508 0
      vertex 257.224 -168.508 0
    endloop
  endfacet
  facet normal -0 0 -1
    outer loop
      vertex 259.39 -168.389 0
      vertex 257.224 -168.508 0
      vertex 257.183 -168.389 0
    endloop
  endfacet
  facet normal 0 -0 -1
    outer loop
      vertex 259.695 -168.508 0
      vertex 260.022 -168.533 0
      vertex 257.232 -168.533 0
    endloop
  endfacet
  facet normal -0 0 -1
    outer loop
      vertex 259.695 -168.508 0
      vertex 257.232 -168.533 0
      vertex 257.224 -168.508 0
    endloop
  endfacet
  facet normal 0 -0 -1
    outer loop
      vertex 276.465 -168.46 0
      vertex 276.465 -168.533 0
      vertex 260.022 -168.533 0
    endloop
  endfacet
  facet normal -0 0 -1
    outer loop
      vertex 276.465 -168.46 0
      vertex 260.022 -168.533 0
      vertex 260.342 -168.46 0
    endloop
  endfacet
  facet normal 0 0 -1
    outer loop
      vertex 260.022 -168.533 0
      vertex 276.465 -168.533 0
      vertex 276.465 -174.193 0
    endloop
  endfacet
  facet normal 0 0 -1
    outer loop
      vertex 260.022 -168.533 0
      vertex 276.465 -174.193 0
      vertex 273.622 -174.193 0
    endloop
  endfacet
  facet normal 0 0 -1
    outer loop
      vertex 260.022 -168.533 0
      vertex 273.622 -174.193 0
      vertex 265.784 -174.193 0
    endloop
  endfacet
  facet normal 0 0 -1
    outer loop
      vertex 260.022 -168.533 0
      vertex 265.784 -174.193 0
      vertex 260.344 -171.052 0
    endloop
  endfacet
  facet normal 0 -0 -1
    outer loop
      vertex 260.022 -168.533 0
      vertex 260.344 -171.052 0
      vertex 258.49 -169.982 0
    endloop
  endfacet
  facet normal 0 0 -1
    outer loop
      vertex 260.022 -168.533 0
      vertex 258.49 -169.982 0
      vertex 258.17 -169.768 0
    endloop
  endfacet
  facet normal 0 0 -1
    outer loop
      vertex 260.022 -168.533 0
      vertex 258.17 -169.768 0
      vertex 257.879 -169.513 0
    endloop
  endfacet
  facet normal 0 0 -1
    outer loop
      vertex 260.022 -168.533 0
      vertex 257.879 -169.513 0
      vertex 257.625 -169.223 0
    endloop
  endfacet
  facet normal 0 0 -1
    outer loop
      vertex 260.022 -168.533 0
      vertex 257.625 -169.223 0
      vertex 257.411 -168.902 0
    endloop
  endfacet
  facet normal 0 0 -1
    outer loop
      vertex 260.022 -168.533 0
      vertex 257.411 -168.902 0
      vertex 257.24 -168.556 0
    endloop
  endfacet
  facet normal -0 0 -1
    outer loop
      vertex 260.022 -168.533 0
      vertex 257.24 -168.556 0
      vertex 257.232 -168.533 0
    endloop
  endfacet
  facet normal 0 0 -1
    outer loop
      vertex 273.622 -174.193 0
      vertex 273.295 -174.218 0
      vertex 265.827 -174.218 0
    endloop
  endfacet
  facet normal -0 0 -1
    outer loop
      vertex 273.622 -174.193 0
      vertex 265.827 -174.218 0
      vertex 265.784 -174.193 0
    endloop
  endfacet
  facet normal 0 -0 -1
    outer loop
      vertex 276.465 -174.193 0
      vertex 276.465 -174.266 0
      vertex 273.942 -174.266 0
    endloop
  endfacet
  facet normal -0 0 -1
    outer loop
      vertex 276.465 -174.193 0
      vertex 273.942 -174.266 0
      vertex 273.622 -174.193 0
    endloop
  endfacet
  facet normal 0 0 -1
    outer loop
      vertex 273.295 -174.218 0
      vertex 272.99 -174.337 0
      vertex 266.034 -174.337 0
    endloop
  endfacet
  facet normal -0 0 -1
    outer loop
      vertex 273.295 -174.218 0
      vertex 266.034 -174.337 0
      vertex 265.827 -174.218 0
    endloop
  endfacet
  facet normal 0 -0 -1
    outer loop
      vertex 276.465 -174.266 0
      vertex 276.465 -174.43 0
      vertex 274.226 -174.43 0
    endloop
  endfacet
  facet normal -0 0 -1
    outer loop
      vertex 276.465 -174.266 0
      vertex 274.226 -174.43 0
      vertex 273.942 -174.266 0
    endloop
  endfacet
  facet normal 0 0 -1
    outer loop
      vertex 272.99 -174.337 0
      vertex 272.734 -174.542 0
      vertex 266.388 -174.542 0
    endloop
  endfacet
  facet normal -0 0 -1
    outer loop
      vertex 272.99 -174.337 0
      vertex 266.388 -174.542 0
      vertex 266.034 -174.337 0
    endloop
  endfacet
  facet normal 0 -0 -1
    outer loop
      vertex 276.465 -174.43 0
      vertex 276.465 -174.67 0
      vertex 274.449 -174.67 0
    endloop
  endfacet
  facet normal -0 0 -1
    outer loop
      vertex 276.465 -174.43 0
      vertex 274.449 -174.67 0
      vertex 274.226 -174.43 0
    endloop
  endfacet
  facet normal 0 0 -1
    outer loop
      vertex 272.734 -174.542 0
      vertex 272.549 -174.813 0
      vertex 266.857 -174.813 0
    endloop
  endfacet
  facet normal -0 0 -1
    outer loop
      vertex 272.734 -174.542 0
      vertex 266.857 -174.813 0
      vertex 266.388 -174.542 0
    endloop
  endfacet
  facet normal 0 -0 -1
    outer loop
      vertex 276.465 -174.67 0
      vertex 276.465 -174.966 0
      vertex 274.591 -174.966 0
    endloop
  endfacet
  facet normal -0 0 -1
    outer loop
      vertex 276.465 -174.67 0
      vertex 274.591 -174.966 0
      vertex 274.449 -174.67 0
    endloop
  endfacet
  facet normal 0 0 -1
    outer loop
      vertex 272.549 -174.813 0
      vertex 272.452 -175.126 0
      vertex 267.4 -175.126 0
    endloop
  endfacet
  facet normal -0 0 -1
    outer loop
      vertex 272.549 -174.813 0
      vertex 267.4 -175.126 0
      vertex 266.857 -174.813 0
    endloop
  endfacet
  facet normal 0 -0 -1
    outer loop
      vertex 276.465 -174.966 0
      vertex 276.465 -175.25 0
      vertex 276.462 -175.29 0
    endloop
  endfacet
  facet normal 0 0 -1
    outer loop
      vertex 276.465 -174.966 0
      vertex 276.462 -175.29 0
      vertex 274.64 -175.29 0
    endloop
  endfacet
  facet normal -0 0 -1
    outer loop
      vertex 276.465 -174.966 0
      vertex 274.64 -175.29 0
      vertex 274.591 -174.966 0
    endloop
  endfacet
  facet normal 0 -0 -1
    outer loop
      vertex 272.452 -175.126 0
      vertex 272.452 -175.454 0
      vertex 267.968 -175.454 0
    endloop
  endfacet
  facet normal -0 0 -1
    outer loop
      vertex 272.452 -175.126 0
      vertex 267.968 -175.454 0
      vertex 267.4 -175.126 0
    endloop
  endfacet
  facet normal 0 0 -1
    outer loop
      vertex 276.462 -175.29 0
      vertex 276.439 -175.614 0
      vertex 274.591 -175.614 0
    endloop
  endfacet
  facet normal -0 0 -1
    outer loop
      vertex 276.462 -175.29 0
      vertex 274.591 -175.614 0
      vertex 274.64 -175.29 0
    endloop
  endfacet
  facet normal 0 -0 -1
    outer loop
      vertex 272.452 -175.454 0
      vertex 272.549 -175.767 0
      vertex 268.511 -175.767 0
    endloop
  endfacet
  facet normal -0 0 -1
    outer loop
      vertex 272.452 -175.454 0
      vertex 268.511 -175.767 0
      vertex 267.968 -175.454 0
    endloop
  endfacet
  facet normal 0 0 -1
    outer loop
      vertex 276.439 -175.614 0
      vertex 276.436 -175.661 0
      vertex 276.383 -175.91 0
    endloop
  endfacet
  facet normal 0 0 -1
    outer loop
      vertex 276.439 -175.614 0
      vertex 276.383 -175.91 0
      vertex 274.449 -175.91 0
    endloop
  endfacet
  facet normal -0 0 -1
    outer loop
      vertex 276.439 -175.614 0
      vertex 274.449 -175.91 0
      vertex 274.591 -175.614 0
    endloop
  endfacet
  facet normal 0 -0 -1
    outer loop
      vertex 272.549 -175.767 0
      vertex 272.734 -176.038 0
      vertex 268.98 -176.038 0
    endloop
  endfacet
  facet normal -0 0 -1
    outer loop
      vertex 272.549 -175.767 0
      vertex 268.98 -176.038 0
      vertex 268.511 -175.767 0
    endloop
  endfacet
  facet normal 0 0 -1
    outer loop
      vertex 276.383 -175.91 0
      vertex 276.351 -176.063 0
      vertex 276.319 -176.15 0
    endloop
  endfacet
  facet normal 0 0 -1
    outer loop
      vertex 276.383 -175.91 0
      vertex 276.319 -176.15 0
      vertex 274.226 -176.15 0
    endloop
  endfacet
  facet normal -0 0 -1
    outer loop
      vertex 276.383 -175.91 0
      vertex 274.226 -176.15 0
      vertex 274.449 -175.91 0
    endloop
  endfacet
  facet normal 0 -0 -1
    outer loop
      vertex 272.734 -176.038 0
      vertex 272.99 -176.243 0
      vertex 269.334 -176.243 0
    endloop
  endfacet
  facet normal -0 0 -1
    outer loop
      vertex 272.734 -176.038 0
      vertex 269.334 -176.243 0
      vertex 268.98 -176.038 0
    endloop
  endfacet
  facet normal 0 0 -1
    outer loop
      vertex 276.319 -176.15 0
      vertex 276.259 -176.314 0
      vertex 273.942 -176.314 0
    endloop
  endfacet
  facet normal -0 0 -1
    outer loop
      vertex 276.319 -176.15 0
      vertex 273.942 -176.314 0
      vertex 274.226 -176.15 0
    endloop
  endfacet
  facet normal 0 -0 -1
    outer loop
      vertex 272.99 -176.243 0
      vertex 273.295 -176.362 0
      vertex 269.542 -176.362 0
    endloop
  endfacet
  facet normal -0 0 -1
    outer loop
      vertex 272.99 -176.243 0
      vertex 269.542 -176.362 0
      vertex 269.334 -176.243 0
    endloop
  endfacet
  facet normal 0 -0 -1
    outer loop
      vertex 273.295 -176.362 0
      vertex 273.622 -176.387 0
      vertex 269.584 -176.387 0
    endloop
  endfacet
  facet normal -0 0 -1
    outer loop
      vertex 273.295 -176.362 0
      vertex 269.584 -176.387 0
      vertex 269.542 -176.362 0
    endloop
  endfacet
  facet normal 0 0 -1
    outer loop
      vertex 276.259 -176.314 0
      vertex 276.233 -176.387 0
      vertex 273.622 -176.387 0
    endloop
  endfacet
  facet normal -0 0 -1
    outer loop
      vertex 276.259 -176.314 0
      vertex 273.622 -176.387 0
      vertex 273.942 -176.314 0
    endloop
  endfacet
  facet normal 0 0 -1
    outer loop
      vertex 273.622 -176.387 0
      vertex 276.233 -176.387 0
      vertex 276.21 -176.45 0
    endloop
  endfacet
  facet normal 0 0 -1
    outer loop
      vertex 273.622 -176.387 0
      vertex 276.21 -176.45 0
      vertex 276.017 -176.813 0
    endloop
  endfacet
  facet normal 0 0 -1
    outer loop
      vertex 273.622 -176.387 0
      vertex 276.017 -176.813 0
      vertex 275.775 -177.146 0
    endloop
  endfacet
  facet normal 0 0 -1
    outer loop
      vertex 273.622 -176.387 0
      vertex 275.775 -177.146 0
      vertex 275.489 -177.442 0
    endloop
  endfacet
  facet normal 0 0 -1
    outer loop
      vertex 273.622 -176.387 0
      vertex 275.489 -177.442 0
      vertex 275.164 -177.696 0
    endloop
  endfacet
  facet normal 0 0 -1
    outer loop
      vertex 273.622 -176.387 0
      vertex 275.164 -177.696 0
      vertex 274.808 -177.901 0
    endloop
  endfacet
  facet normal 0 0 -1
    outer loop
      vertex 273.622 -176.387 0
      vertex 274.808 -177.901 0
      vertex 274.426 -178.056 0
    endloop
  endfacet
  facet normal 0 0 -1
    outer loop
      vertex 273.622 -176.387 0
      vertex 274.426 -178.056 0
      vertex 274.027 -178.155 0
    endloop
  endfacet
  facet normal 0 -0 -1
    outer loop
      vertex 273.622 -176.387 0
      vertex 274.027 -178.155 0
      vertex 273.618 -178.198 0
    endloop
  endfacet
  facet normal 0 0 -1
    outer loop
      vertex 273.622 -176.387 0
      vertex 273.618 -178.198 0
      vertex 273.207 -178.184 0
    endloop
  endfacet
  facet normal 0 0 -1
    outer loop
      vertex 273.622 -176.387 0
      vertex 273.207 -178.184 0
      vertex 272.801 -178.112 0
    endloop
  endfacet
  facet normal 0 0 -1
    outer loop
      vertex 273.622 -176.387 0
      vertex 272.801 -178.112 0
      vertex 272.41 -177.985 0
    endloop
  endfacet
  facet normal 0 0 -1
    outer loop
      vertex 273.622 -176.387 0
      vertex 272.41 -177.985 0
      vertex 272.04 -177.805 0
    endloop
  endfacet
  facet normal -0 0 -1
    outer loop
      vertex 273.622 -176.387 0
      vertex 272.04 -177.805 0
      vertex 269.584 -176.387 0
    endloop
  endfacet
  facet normal 0 0 1
    outer loop
      vertex 274.027 -178.155 1.3
      vertex 274.426 -178.056 1.3
      vertex 274.808 -177.901 1.3
    endloop
  endfacet
  facet normal 0 0 1
    outer loop
      vertex 274.027 -178.155 1.3
      vertex 274.808 -177.901 1.3
      vertex 275.164 -177.696 1.3
    endloop
  endfacet
  facet normal 0 0 1
    outer loop
      vertex 274.027 -178.155 1.3
      vertex 275.164 -177.696 1.3
      vertex 275.489 -177.442 1.3
    endloop
  endfacet
  facet normal 0 0 1
    outer loop
      vertex 274.027 -178.155 1.3
      vertex 275.489 -177.442 1.3
      vertex 275.775 -177.146 1.3
    endloop
  endfacet
  facet normal 0 0 1
    outer loop
      vertex 274.027 -178.155 1.3
      vertex 275.775 -177.146 1.3
      vertex 276.017 -176.813 1.3
    endloop
  endfacet
  facet normal 0 0 1
    outer loop
      vertex 274.027 -178.155 1.3
      vertex 276.017 -176.813 1.3
      vertex 276.21 -176.45 1.3
    endloop
  endfacet
  facet normal 0 0 1
    outer loop
      vertex 274.027 -178.155 1.3
      vertex 276.21 -176.45 1.3
      vertex 276.233 -176.387 1.3
    endloop
  endfacet
  facet normal 0 -0 1
    outer loop
      vertex 274.027 -178.155 1.3
      vertex 276.233 -176.387 1.3
      vertex 273.622 -176.387 1.3
    endloop
  endfacet
  facet normal 0 0 1
    outer loop
      vertex 274.027 -178.155 1.3
      vertex 273.622 -176.387 1.3
      vertex 269.584 -176.387 1.3
    endloop
  endfacet
  facet normal 0 0 1
    outer loop
      vertex 274.027 -178.155 1.3
      vertex 269.584 -176.387 1.3
      vertex 272.04 -177.805 1.3
    endloop
  endfacet
  facet normal 0 0 1
    outer loop
      vertex 274.027 -178.155 1.3
      vertex 272.04 -177.805 1.3
      vertex 272.41 -177.985 1.3
    endloop
  endfacet
  facet normal 0 0 1
    outer loop
      vertex 274.027 -178.155 1.3
      vertex 272.41 -177.985 1.3
      vertex 272.801 -178.112 1.3
    endloop
  endfacet
  facet normal 0 0 1
    outer loop
      vertex 274.027 -178.155 1.3
      vertex 272.801 -178.112 1.3
      vertex 273.207 -178.184 1.3
    endloop
  endfacet
  facet normal 0 0 1
    outer loop
      vertex 274.027 -178.155 1.3
      vertex 273.207 -178.184 1.3
      vertex 273.618 -178.198 1.3
    endloop
  endfacet
  facet normal 0 0 1
    outer loop
      vertex 273.622 -176.387 1.3
      vertex 273.295 -176.362 1.3
      vertex 269.542 -176.362 1.3
    endloop
  endfacet
  facet normal 0 0 1
    outer loop
      vertex 273.622 -176.387 1.3
      vertex 269.542 -176.362 1.3
      vertex 269.584 -176.387 1.3
    endloop
  endfacet
  facet normal 0 -0 1
    outer loop
      vertex 276.233 -176.387 1.3
      vertex 276.259 -176.314 1.3
      vertex 273.942 -176.314 1.3
    endloop
  endfacet
  facet normal 0 0 1
    outer loop
      vertex 276.233 -176.387 1.3
      vertex 273.942 -176.314 1.3
      vertex 273.622 -176.387 1.3
    endloop
  endfacet
  facet normal 0 0 1
    outer loop
      vertex 273.295 -176.362 1.3
      vertex 272.99 -176.243 1.3
      vertex 269.334 -176.243 1.3
    endloop
  endfacet
  facet normal 0 0 1
    outer loop
      vertex 273.295 -176.362 1.3
      vertex 269.334 -176.243 1.3
      vertex 269.542 -176.362 1.3
    endloop
  endfacet
  facet normal 0 -0 1
    outer loop
      vertex 276.259 -176.314 1.3
      vertex 276.319 -176.15 1.3
      vertex 274.226 -176.15 1.3
    endloop
  endfacet
  facet normal 0 0 1
    outer loop
      vertex 276.259 -176.314 1.3
      vertex 274.226 -176.15 1.3
      vertex 273.942 -176.314 1.3
    endloop
  endfacet
  facet normal 0 0 1
    outer loop
      vertex 272.99 -176.243 1.3
      vertex 272.734 -176.038 1.3
      vertex 268.98 -176.038 1.3
    endloop
  endfacet
  facet normal 0 0 1
    outer loop
      vertex 272.99 -176.243 1.3
      vertex 268.98 -176.038 1.3
      vertex 269.334 -176.243 1.3
    endloop
  endfacet
  facet normal 0 0 1
    outer loop
      vertex 276.319 -176.15 1.3
      vertex 276.351 -176.063 1.3
      vertex 276.383 -175.91 1.3
    endloop
  endfacet
  facet normal 0 -0 1
    outer loop
      vertex 276.319 -176.15 1.3
      vertex 276.383 -175.91 1.3
      vertex 274.449 -175.91 1.3
    endloop
  endfacet
  facet normal 0 0 1
    outer loop
      vertex 276.319 -176.15 1.3
      vertex 274.449 -175.91 1.3
      vertex 274.226 -176.15 1.3
    endloop
  endfacet
  facet normal 0 0 1
    outer loop
      vertex 272.734 -176.038 1.3
      vertex 272.549 -175.767 1.3
      vertex 268.511 -175.767 1.3
    endloop
  endfacet
  facet normal 0 0 1
    outer loop
      vertex 272.734 -176.038 1.3
      vertex 268.511 -175.767 1.3
      vertex 268.98 -176.038 1.3
    endloop
  endfacet
  facet normal 0 0 1
    outer loop
      vertex 276.383 -175.91 1.3
      vertex 276.436 -175.661 1.3
      vertex 276.439 -175.614 1.3
    endloop
  endfacet
  facet normal 0 -0 1
    outer loop
      vertex 276.383 -175.91 1.3
      vertex 276.439 -175.614 1.3
      vertex 274.591 -175.614 1.3
    endloop
  endfacet
  facet normal 0 0 1
    outer loop
      vertex 276.383 -175.91 1.3
      vertex 274.591 -175.614 1.3
      vertex 274.449 -175.91 1.3
    endloop
  endfacet
  facet normal 0 0 1
    outer loop
      vertex 272.549 -175.767 1.3
      vertex 272.452 -175.454 1.3
      vertex 267.968 -175.454 1.3
    endloop
  endfacet
  facet normal 0 0 1
    outer loop
      vertex 272.549 -175.767 1.3
      vertex 267.968 -175.454 1.3
      vertex 268.511 -175.767 1.3
    endloop
  endfacet
  facet normal 0 -0 1
    outer loop
      vertex 276.439 -175.614 1.3
      vertex 276.462 -175.29 1.3
      vertex 274.64 -175.29 1.3
    endloop
  endfacet
  facet normal 0 0 1
    outer loop
      vertex 276.439 -175.614 1.3
      vertex 274.64 -175.29 1.3
      vertex 274.591 -175.614 1.3
    endloop
  endfacet
  facet normal 0 -0 1
    outer loop
      vertex 272.452 -175.454 1.3
      vertex 272.452 -175.126 1.3
      vertex 267.4 -175.126 1.3
    endloop
  endfacet
  facet normal 0 0 1
    outer loop
      vertex 272.452 -175.454 1.3
      vertex 267.4 -175.126 1.3
      vertex 267.968 -175.454 1.3
    endloop
  endfacet
  facet normal 0 0 1
    outer loop
      vertex 276.462 -175.29 1.3
      vertex 276.465 -175.25 1.3
      vertex 276.465 -174.966 1.3
    endloop
  endfacet
  facet normal 0 -0 1
    outer loop
      vertex 276.462 -175.29 1.3
      vertex 276.465 -174.966 1.3
      vertex 274.591 -174.966 1.3
    endloop
  endfacet
  facet normal 0 0 1
    outer loop
      vertex 276.462 -175.29 1.3
      vertex 274.591 -174.966 1.3
      vertex 274.64 -175.29 1.3
    endloop
  endfacet
  facet normal 0 -0 1
    outer loop
      vertex 272.452 -175.126 1.3
      vertex 272.549 -174.813 1.3
      vertex 266.857 -174.813 1.3
    endloop
  endfacet
  facet normal 0 0 1
    outer loop
      vertex 272.452 -175.126 1.3
      vertex 266.857 -174.813 1.3
      vertex 267.4 -175.126 1.3
    endloop
  endfacet
  facet normal 0 -0 1
    outer loop
      vertex 276.465 -174.966 1.3
      vertex 276.465 -174.67 1.3
      vertex 274.449 -174.67 1.3
    endloop
  endfacet
  facet normal 0 0 1
    outer loop
      vertex 276.465 -174.966 1.3
      vertex 274.449 -174.67 1.3
      vertex 274.591 -174.966 1.3
    endloop
  endfacet
  facet normal 0 -0 1
    outer loop
      vertex 272.549 -174.813 1.3
      vertex 272.734 -174.542 1.3
      vertex 266.388 -174.542 1.3
    endloop
  endfacet
  facet normal 0 0 1
    outer loop
      vertex 272.549 -174.813 1.3
      vertex 266.388 -174.542 1.3
      vertex 266.857 -174.813 1.3
    endloop
  endfacet
  facet normal 0 -0 1
    outer loop
      vertex 276.465 -174.67 1.3
      vertex 276.465 -174.43 1.3
      vertex 274.226 -174.43 1.3
    endloop
  endfacet
  facet normal 0 0 1
    outer loop
      vertex 276.465 -174.67 1.3
      vertex 274.226 -174.43 1.3
      vertex 274.449 -174.67 1.3
    endloop
  endfacet
  facet normal 0 -0 1
    outer loop
      vertex 272.734 -174.542 1.3
      vertex 272.99 -174.337 1.3
      vertex 266.034 -174.337 1.3
    endloop
  endfacet
  facet normal 0 0 1
    outer loop
      vertex 272.734 -174.542 1.3
      vertex 266.034 -174.337 1.3
      vertex 266.388 -174.542 1.3
    endloop
  endfacet
  facet normal 0 -0 1
    outer loop
      vertex 276.465 -174.43 1.3
      vertex 276.465 -174.266 1.3
      vertex 273.942 -174.266 1.3
    endloop
  endfacet
  facet normal 0 0 1
    outer loop
      vertex 276.465 -174.43 1.3
      vertex 273.942 -174.266 1.3
      vertex 274.226 -174.43 1.3
    endloop
  endfacet
  facet normal 0 -0 1
    outer loop
      vertex 272.99 -174.337 1.3
      vertex 273.295 -174.218 1.3
      vertex 265.827 -174.218 1.3
    endloop
  endfacet
  facet normal 0 0 1
    outer loop
      vertex 272.99 -174.337 1.3
      vertex 265.827 -174.218 1.3
      vertex 266.034 -174.337 1.3
    endloop
  endfacet
  facet normal 0 -0 1
    outer loop
      vertex 273.295 -174.218 1.3
      vertex 273.622 -174.193 1.3
      vertex 265.784 -174.193 1.3
    endloop
  endfacet
  facet normal 0 0 1
    outer loop
      vertex 273.295 -174.218 1.3
      vertex 265.784 -174.193 1.3
      vertex 265.827 -174.218 1.3
    endloop
  endfacet
  facet normal 0 -0 1
    outer loop
      vertex 276.465 -174.266 1.3
      vertex 276.465 -174.193 1.3
      vertex 273.622 -174.193 1.3
    endloop
  endfacet
  facet normal 0 0 1
    outer loop
      vertex 276.465 -174.266 1.3
      vertex 273.622 -174.193 1.3
      vertex 273.942 -174.266 1.3
    endloop
  endfacet
  facet normal 0 0 1
    outer loop
      vertex 273.622 -174.193 1.3
      vertex 276.465 -174.193 1.3
      vertex 276.465 -168.533 1.3
    endloop
  endfacet
  facet normal 0 -0 1
    outer loop
      vertex 273.622 -174.193 1.3
      vertex 276.465 -168.533 1.3
      vertex 260.022 -168.533 1.3
    endloop
  endfacet
  facet normal 0 0 1
    outer loop
      vertex 273.622 -174.193 1.3
      vertex 260.022 -168.533 1.3
      vertex 257.232 -168.533 1.3
    endloop
  endfacet
  facet normal 0 0 1
    outer loop
      vertex 273.622 -174.193 1.3
      vertex 257.232 -168.533 1.3
      vertex 257.24 -168.556 1.3
    endloop
  endfacet
  facet normal 0 0 1
    outer loop
      vertex 273.622 -174.193 1.3
      vertex 257.24 -168.556 1.3
      vertex 257.411 -168.902 1.3
    endloop
  endfacet
  facet normal 0 0 1
    outer loop
      vertex 273.622 -174.193 1.3
      vertex 257.411 -168.902 1.3
      vertex 257.625 -169.223 1.3
    endloop
  endfacet
  facet normal 0 0 1
    outer loop
      vertex 273.622 -174.193 1.3
      vertex 257.625 -169.223 1.3
      vertex 257.879 -169.513 1.3
    endloop
  endfacet
  facet normal 0 0 1
    outer loop
      vertex 273.622 -174.193 1.3
      vertex 257.879 -169.513 1.3
      vertex 258.17 -169.768 1.3
    endloop
  endfacet
  facet normal 0 0 1
    outer loop
      vertex 273.622 -174.193 1.3
      vertex 258.17 -169.768 1.3
      vertex 258.49 -169.982 1.3
    endloop
  endfacet
  facet normal 0 0 1
    outer loop
      vertex 273.622 -174.193 1.3
      vertex 258.49 -169.982 1.3
      vertex 260.344 -171.052 1.3
    endloop
  endfacet
  facet normal 0 0 1
    outer loop
      vertex 273.622 -174.193 1.3
      vertex 260.344 -171.052 1.3
      vertex 265.784 -174.193 1.3
    endloop
  endfacet
  facet normal 0 0 1
    outer loop
      vertex 260.022 -168.533 1.3
      vertex 259.695 -168.508 1.3
      vertex 257.224 -168.508 1.3
    endloop
  endfacet
  facet normal 0 0 1
    outer loop
      vertex 260.022 -168.533 1.3
      vertex 257.224 -168.508 1.3
      vertex 257.232 -168.533 1.3
    endloop
  endfacet
  facet normal 0 -0 1
    outer loop
      vertex 276.465 -168.533 1.3
      vertex 276.465 -168.46 1.3
      vertex 260.342 -168.46 1.3
    endloop
  endfacet
  facet normal 0 0 1
    outer loop
      vertex 276.465 -168.533 1.3
      vertex 260.342 -168.46 1.3
      vertex 260.022 -168.533 1.3
    endloop
  endfacet
  facet normal 0 0 1
    outer loop
      vertex 259.695 -168.508 1.3
      vertex 259.39 -168.389 1.3
      vertex 257.183 -168.389 1.3
    endloop
  endfacet
  facet normal 0 0 1
    outer loop
      vertex 259.695 -168.508 1.3
      vertex 257.183 -168.389 1.3
      vertex 257.224 -168.508 1.3
    endloop
  endfacet
  facet normal 0 -0 1
    outer loop
      vertex 276.465 -168.46 1.3
      vertex 276.465 -168.296 1.3
      vertex 260.626 -168.296 1.3
    endloop
  endfacet
  facet normal 0 0 1
    outer loop
      vertex 276.465 -168.46 1.3
      vertex 260.626 -168.296 1.3
      vertex 260.342 -168.46 1.3
    endloop
  endfacet
  facet normal 0 0 1
    outer loop
      vertex 259.39 -168.389 1.3
      vertex 259.134 -168.184 1.3
      vertex 257.115 -168.184 1.3
    endloop
  endfacet
  facet normal 0 0 1
    outer loop
      vertex 259.39 -168.389 1.3
      vertex 257.115 -168.184 1.3
      vertex 257.116 -168.191 1.3
    endloop
  endfacet
  facet normal 0 0 1
    outer loop
      vertex 259.39 -168.389 1.3
      vertex 257.116 -168.191 1.3
      vertex 257.183 -168.389 1.3
    endloop
  endfacet
  facet normal 0 -0 1
    outer loop
      vertex 276.465 -168.296 1.3
      vertex 276.465 -168.056 1.3
      vertex 260.849 -168.056 1.3
    endloop
  endfacet
  facet normal 0 0 1
    outer loop
      vertex 276.465 -168.296 1.3
      vertex 260.849 -168.056 1.3
      vertex 260.626 -168.296 1.3
    endloop
  endfacet
  facet normal 0 0 1
    outer loop
      vertex 259.134 -168.184 1.3
      vertex 258.949 -167.913 1.3
      vertex 257.061 -167.913 1.3
    endloop
  endfacet
  facet normal 0 0 1
    outer loop
      vertex 259.134 -168.184 1.3
      vertex 257.061 -167.913 1.3
      vertex 257.115 -168.184 1.3
    endloop
  endfacet
  facet normal 0 -0 1
    outer loop
      vertex 276.465 -168.056 1.3
      vertex 276.465 -167.76 1.3
      vertex 260.991 -167.76 1.3
    endloop
  endfacet
  facet normal 0 0 1
    outer loop
      vertex 276.465 -168.056 1.3
      vertex 260.991 -167.76 1.3
      vertex 260.849 -168.056 1.3
    endloop
  endfacet
  facet normal 0 0 1
    outer loop
      vertex 258.949 -167.913 1.3
      vertex 258.852 -167.6 1.3
      vertex 257.027 -167.6 1.3
    endloop
  endfacet
  facet normal 0 0 1
    outer loop
      vertex 258.949 -167.913 1.3
      vertex 257.027 -167.6 1.3
      vertex 257.041 -167.812 1.3
    endloop
  endfacet
  facet normal 0 0 1
    outer loop
      vertex 258.949 -167.913 1.3
      vertex 257.041 -167.812 1.3
      vertex 257.061 -167.913 1.3
    endloop
  endfacet
  facet normal 0 -0 1
    outer loop
      vertex 276.465 -167.76 1.3
      vertex 276.465 -167.436 1.3
      vertex 261.04 -167.436 1.3
    endloop
  endfacet
  facet normal 0 0 1
    outer loop
      vertex 276.465 -167.76 1.3
      vertex 261.04 -167.436 1.3
      vertex 260.991 -167.76 1.3
    endloop
  endfacet
  facet normal 0 -0 1
    outer loop
      vertex 258.852 -167.6 1.3
      vertex 258.852 -167.272 1.3
      vertex 257.015 -167.272 1.3
    endloop
  endfacet
  facet normal 0 0 1
    outer loop
      vertex 258.852 -167.6 1.3
      vertex 257.015 -167.272 1.3
      vertex 257.015 -167.427 1.3
    endloop
  endfacet
  facet normal 0 0 1
    outer loop
      vertex 258.852 -167.6 1.3
      vertex 257.015 -167.427 1.3
      vertex 257.027 -167.6 1.3
    endloop
  endfacet
  facet normal 0 -0 1
    outer loop
      vertex 276.465 -167.436 1.3
      vertex 276.465 -167.112 1.3
      vertex 260.991 -167.112 1.3
    endloop
  endfacet
  facet normal 0 0 1
    outer loop
      vertex 276.465 -167.436 1.3
      vertex 260.991 -167.112 1.3
      vertex 261.04 -167.436 1.3
    endloop
  endfacet
  facet normal 0 -0 1
    outer loop
      vertex 258.852 -167.272 1.3
      vertex 258.949 -166.959 1.3
      vertex 257.015 -166.959 1.3
    endloop
  endfacet
  facet normal 0 0 1
    outer loop
      vertex 258.852 -167.272 1.3
      vertex 257.015 -166.959 1.3
      vertex 257.015 -167.272 1.3
    endloop
  endfacet
  facet normal 0 -0 1
    outer loop
      vertex 276.465 -167.112 1.3
      vertex 276.465 -166.816 1.3
      vertex 260.849 -166.816 1.3
    endloop
  endfacet
  facet normal 0 0 1
    outer loop
      vertex 276.465 -167.112 1.3
      vertex 260.849 -166.816 1.3
      vertex 260.991 -167.112 1.3
    endloop
  endfacet
  facet normal 0 -0 1
    outer loop
      vertex 258.949 -166.959 1.3
      vertex 259.134 -166.688 1.3
      vertex 257.015 -166.688 1.3
    endloop
  endfacet
  facet normal 0 0 1
    outer loop
      vertex 258.949 -166.959 1.3
      vertex 257.015 -166.688 1.3
      vertex 257.015 -166.959 1.3
    endloop
  endfacet
  facet normal 0 -0 1
    outer loop
      vertex 276.465 -166.816 1.3
      vertex 276.465 -166.576 1.3
      vertex 260.626 -166.576 1.3
    endloop
  endfacet
  facet normal 0 0 1
    outer loop
      vertex 276.465 -166.816 1.3
      vertex 260.626 -166.576 1.3
      vertex 260.849 -166.816 1.3
    endloop
  endfacet
  facet normal 0 -0 1
    outer loop
      vertex 259.134 -166.688 1.3
      vertex 259.39 -166.483 1.3
      vertex 257.015 -166.483 1.3
    endloop
  endfacet
  facet normal 0 0 1
    outer loop
      vertex 259.134 -166.688 1.3
      vertex 257.015 -166.483 1.3
      vertex 257.015 -166.688 1.3
    endloop
  endfacet
  facet normal 0 -0 1
    outer loop
      vertex 276.465 -166.576 1.3
      vertex 276.465 -166.412 1.3
      vertex 260.342 -166.412 1.3
    endloop
  endfacet
  facet normal 0 0 1
    outer loop
      vertex 276.465 -166.576 1.3
      vertex 260.342 -166.412 1.3
      vertex 260.626 -166.576 1.3
    endloop
  endfacet
  facet normal 0 -0 1
    outer loop
      vertex 259.39 -166.483 1.3
      vertex 259.695 -166.364 1.3
      vertex 257.015 -166.364 1.3
    endloop
  endfacet
  facet normal 0 0 1
    outer loop
      vertex 259.39 -166.483 1.3
      vertex 257.015 -166.364 1.3
      vertex 257.015 -166.483 1.3
    endloop
  endfacet
  facet normal 0 -0 1
    outer loop
      vertex 259.695 -166.364 1.3
      vertex 260.022 -166.339 1.3
      vertex 257.015 -166.339 1.3
    endloop
  endfacet
  facet normal 0 0 1
    outer loop
      vertex 259.695 -166.364 1.3
      vertex 257.015 -166.339 1.3
      vertex 257.015 -166.364 1.3
    endloop
  endfacet
  facet normal 0 -0 1
    outer loop
      vertex 276.465 -166.412 1.3
      vertex 276.465 -166.339 1.3
      vertex 260.022 -166.339 1.3
    endloop
  endfacet
  facet normal 0 0 1
    outer loop
      vertex 276.465 -166.412 1.3
      vertex 260.022 -166.339 1.3
      vertex 260.342 -166.412 1.3
    endloop
  endfacet
  facet normal 0 0 1
    outer loop
      vertex 260.022 -166.339 1.3
      vertex 276.465 -166.339 1.3
      vertex 276.465 -156.086 1.3
    endloop
  endfacet
  facet normal 0 0 1
    outer loop
      vertex 260.022 -166.339 1.3
      vertex 276.465 -156.086 1.3
      vertex 272.09 -156.086 1.3
    endloop
  endfacet
  facet normal 0 0 1
    outer loop
      vertex 260.022 -166.339 1.3
      vertex 272.09 -156.086 1.3
      vertex 261.39 -156.086 1.3
    endloop
  endfacet
  facet normal 0 -0 1
    outer loop
      vertex 260.022 -166.339 1.3
      vertex 261.39 -156.086 1.3
      vertex 257.015 -156.086 1.3
    endloop
  endfacet
  facet normal 0 0 1
    outer loop
      vertex 260.022 -166.339 1.3
      vertex 257.015 -156.086 1.3
      vertex 257.015 -166.339 1.3
    endloop
  endfacet
  facet normal 0 0 1
    outer loop
      vertex 261.39 -156.086 1.3
      vertex 261.297 -156.071 1.3
      vertex 257.015 -156.071 1.3
    endloop
  endfacet
  facet normal 0 0 1
    outer loop
      vertex 261.39 -156.086 1.3
      vertex 257.015 -156.071 1.3
      vertex 257.015 -156.086 1.3
    endloop
  endfacet
  facet normal 0 -0 1
    outer loop
      vertex 276.465 -156.086 1.3
      vertex 276.465 -156.071 1.3
      vertex 272.183 -156.071 1.3
    endloop
  endfacet
  facet normal 0 0 1
    outer loop
      vertex 276.465 -156.086 1.3
      vertex 272.183 -156.071 1.3
      vertex 272.09 -156.086 1.3
    endloop
  endfacet
  facet normal 0 0 1
    outer loop
      vertex 261.297 -156.071 1.3
      vertex 261.214 -156.029 1.3
      vertex 257.015 -156.029 1.3
    endloop
  endfacet
  facet normal 0 0 1
    outer loop
      vertex 261.297 -156.071 1.3
      vertex 257.015 -156.029 1.3
      vertex 257.015 -156.071 1.3
    endloop
  endfacet
  facet normal 0 -0 1
    outer loop
      vertex 276.465 -156.071 1.3
      vertex 276.465 -156.029 1.3
      vertex 272.266 -156.029 1.3
    endloop
  endfacet
  facet normal 0 0 1
    outer loop
      vertex 276.465 -156.071 1.3
      vertex 272.266 -156.029 1.3
      vertex 272.183 -156.071 1.3
    endloop
  endfacet
  facet normal 0 0 1
    outer loop
      vertex 261.214 -156.029 1.3
      vertex 261.147 -155.962 1.3
      vertex 257.015 -155.962 1.3
    endloop
  endfacet
  facet normal 0 0 1
    outer loop
      vertex 261.214 -156.029 1.3
      vertex 257.015 -155.962 1.3
      vertex 257.015 -156.029 1.3
    endloop
  endfacet
  facet normal 0 -0 1
    outer loop
      vertex 276.465 -156.029 1.3
      vertex 276.465 -155.962 1.3
      vertex 272.333 -155.962 1.3
    endloop
  endfacet
  facet normal 0 0 1
    outer loop
      vertex 276.465 -156.029 1.3
      vertex 272.333 -155.962 1.3
      vertex 272.266 -156.029 1.3
    endloop
  endfacet
  facet normal 0 0 1
    outer loop
      vertex 261.147 -155.962 1.3
      vertex 261.105 -155.879 1.3
      vertex 257.015 -155.879 1.3
    endloop
  endfacet
  facet normal 0 0 1
    outer loop
      vertex 261.147 -155.962 1.3
      vertex 257.015 -155.879 1.3
      vertex 257.015 -155.962 1.3
    endloop
  endfacet
  facet normal 0 -0 1
    outer loop
      vertex 276.465 -155.962 1.3
      vertex 276.465 -155.879 1.3
      vertex 272.375 -155.879 1.3
    endloop
  endfacet
  facet normal 0 0 1
    outer loop
      vertex 276.465 -155.962 1.3
      vertex 272.375 -155.879 1.3
      vertex 272.333 -155.962 1.3
    endloop
  endfacet
  facet normal 0 -0 1
    outer loop
      vertex 276.465 -155.879 1.3
      vertex 276.465 -155.786 1.3
      vertex 272.39 -155.786 1.3
    endloop
  endfacet
  facet normal 0 0 1
    outer loop
      vertex 276.465 -155.879 1.3
      vertex 272.39 -155.786 1.3
      vertex 272.375 -155.879 1.3
    endloop
  endfacet
  facet normal 0 0 1
    outer loop
      vertex 261.105 -155.879 1.3
      vertex 261.09 -155.786 1.3
      vertex 257.015 -155.786 1.3
    endloop
  endfacet
  facet normal 0 0 1
    outer loop
      vertex 261.105 -155.879 1.3
      vertex 257.015 -155.786 1.3
      vertex 257.015 -155.879 1.3
    endloop
  endfacet
  facet normal 0 -0 1
    outer loop
      vertex 261.09 -155.786 1.3
      vertex 261.09 -130.586 1.3
      vertex 257.015 -130.586 1.3
    endloop
  endfacet
  facet normal 0 0 1
    outer loop
      vertex 261.09 -155.786 1.3
      vertex 257.015 -130.586 1.3
      vertex 257.015 -155.786 1.3
    endloop
  endfacet
  facet normal 0 -0 1
    outer loop
      vertex 276.465 -155.786 1.3
      vertex 276.465 -130.586 1.3
      vertex 272.39 -130.586 1.3
    endloop
  endfacet
  facet normal 0 0 1
    outer loop
      vertex 276.465 -155.786 1.3
      vertex 272.39 -130.586 1.3
      vertex 272.39 -155.786 1.3
    endloop
  endfacet
  facet normal 0 -0 1
    outer loop
      vertex 261.09 -130.586 1.3
      vertex 261.105 -130.493 1.3
      vertex 257.015 -130.493 1.3
    endloop
  endfacet
  facet normal 0 0 1
    outer loop
      vertex 261.09 -130.586 1.3
      vertex 257.015 -130.493 1.3
      vertex 257.015 -130.586 1.3
    endloop
  endfacet
  facet normal 0 -0 1
    outer loop
      vertex 276.465 -130.586 1.3
      vertex 276.465 -130.493 1.3
      vertex 272.375 -130.493 1.3
    endloop
  endfacet
  facet normal 0 0 1
    outer loop
      vertex 276.465 -130.586 1.3
      vertex 272.375 -130.493 1.3
      vertex 272.39 -130.586 1.3
    endloop
  endfacet
  facet normal 0 -0 1
    outer loop
      vertex 261.105 -130.493 1.3
      vertex 261.147 -130.41 1.3
      vertex 257.015 -130.41 1.3
    endloop
  endfacet
  facet normal 0 0 1
    outer loop
      vertex 261.105 -130.493 1.3
      vertex 257.015 -130.41 1.3
      vertex 257.015 -130.493 1.3
    endloop
  endfacet
  facet normal 0 -0 1
    outer loop
      vertex 276.465 -130.493 1.3
      vertex 276.465 -130.41 1.3
      vertex 272.333 -130.41 1.3
    endloop
  endfacet
  facet normal 0 0 1
    outer loop
      vertex 276.465 -130.493 1.3
      vertex 272.333 -130.41 1.3
      vertex 272.375 -130.493 1.3
    endloop
  endfacet
  facet normal 0 -0 1
    outer loop
      vertex 261.147 -130.41 1.3
      vertex 261.214 -130.343 1.3
      vertex 257.015 -130.343 1.3
    endloop
  endfacet
  facet normal 0 0 1
    outer loop
      vertex 261.147 -130.41 1.3
      vertex 257.015 -130.343 1.3
      vertex 257.015 -130.41 1.3
    endloop
  endfacet
  facet normal 0 -0 1
    outer loop
      vertex 276.465 -130.41 1.3
      vertex 276.465 -130.343 1.3
      vertex 272.266 -130.343 1.3
    endloop
  endfacet
  facet normal 0 0 1
    outer loop
      vertex 276.465 -130.41 1.3
      vertex 272.266 -130.343 1.3
      vertex 272.333 -130.41 1.3
    endloop
  endfacet
  facet normal 0 -0 1
    outer loop
      vertex 261.214 -130.343 1.3
      vertex 261.297 -130.301 1.3
      vertex 257.015 -130.301 1.3
    endloop
  endfacet
  facet normal 0 0 1
    outer loop
      vertex 261.214 -130.343 1.3
      vertex 257.015 -130.301 1.3
      vertex 257.015 -130.343 1.3
    endloop
  endfacet
  facet normal 0 -0 1
    outer loop
      vertex 276.465 -130.343 1.3
      vertex 276.465 -130.301 1.3
      vertex 272.183 -130.301 1.3
    endloop
  endfacet
  facet normal 0 0 1
    outer loop
      vertex 276.465 -130.343 1.3
      vertex 272.183 -130.301 1.3
      vertex 272.266 -130.343 1.3
    endloop
  endfacet
  facet normal 0 -0 1
    outer loop
      vertex 276.465 -130.301 1.3
      vertex 276.465 -130.286 1.3
      vertex 272.09 -130.286 1.3
    endloop
  endfacet
  facet normal 0 0 1
    outer loop
      vertex 276.465 -130.301 1.3
      vertex 272.09 -130.286 1.3
      vertex 272.183 -130.301 1.3
    endloop
  endfacet
  facet normal 0 -0 1
    outer loop
      vertex 261.297 -130.301 1.3
      vertex 261.39 -130.286 1.3
      vertex 257.015 -130.286 1.3
    endloop
  endfacet
  facet normal 0 0 1
    outer loop
      vertex 261.297 -130.301 1.3
      vertex 257.015 -130.286 1.3
      vertex 257.015 -130.301 1.3
    endloop
  endfacet
  facet normal 0 -0 1
    outer loop
      vertex 276.465 -130.286 1.3
      vertex 276.465 -124.761 1.3
      vertex 276.435 -124.341 1.3
    endloop
  endfacet
  facet normal 0 0 1
    outer loop
      vertex 276.465 -130.286 1.3
      vertex 276.435 -124.341 1.3
      vertex 276.345 -123.93 1.3
    endloop
  endfacet
  facet normal 0 0 1
    outer loop
      vertex 276.465 -130.286 1.3
      vertex 276.345 -123.93 1.3
      vertex 276.198 -123.535 1.3
    endloop
  endfacet
  facet normal 0 0 1
    outer loop
      vertex 276.465 -130.286 1.3
      vertex 276.198 -123.535 1.3
      vertex 275.997 -123.166 1.3
    endloop
  endfacet
  facet normal 0 0 1
    outer loop
      vertex 276.465 -130.286 1.3
      vertex 275.997 -123.166 1.3
      vertex 275.744 -122.829 1.3
    endloop
  endfacet
  facet normal 0 0 1
    outer loop
      vertex 276.465 -130.286 1.3
      vertex 275.744 -122.829 1.3
      vertex 275.447 -122.532 1.3
    endloop
  endfacet
  facet normal 0 0 1
    outer loop
      vertex 276.465 -130.286 1.3
      vertex 275.447 -122.532 1.3
      vertex 275.11 -122.279 1.3
    endloop
  endfacet
  facet normal 0 0 1
    outer loop
      vertex 276.465 -130.286 1.3
      vertex 275.11 -122.279 1.3
      vertex 274.74 -122.078 1.3
    endloop
  endfacet
  facet normal 0 0 1
    outer loop
      vertex 276.465 -130.286 1.3
      vertex 274.74 -122.078 1.3
      vertex 274.346 -121.93 1.3
    endloop
  endfacet
  facet normal 0 0 1
    outer loop
      vertex 276.465 -130.286 1.3
      vertex 274.346 -121.93 1.3
      vertex 273.935 -121.841 1.3
    endloop
  endfacet
  facet normal 0 0 1
    outer loop
      vertex 276.465 -130.286 1.3
      vertex 273.935 -121.841 1.3
      vertex 273.515 -121.811 1.3
    endloop
  endfacet
  facet normal 0 0 1
    outer loop
      vertex 276.465 -130.286 1.3
      vertex 273.515 -121.811 1.3
      vertex 259.965 -121.811 1.3
    endloop
  endfacet
  facet normal 0 0 1
    outer loop
      vertex 276.465 -130.286 1.3
      vertex 259.965 -121.811 1.3
      vertex 259.546 -121.841 1.3
    endloop
  endfacet
  facet normal 0 0 1
    outer loop
      vertex 276.465 -130.286 1.3
      vertex 259.546 -121.841 1.3
      vertex 259.134 -121.93 1.3
    endloop
  endfacet
  facet normal 0 0 1
    outer loop
      vertex 276.465 -130.286 1.3
      vertex 259.134 -121.93 1.3
      vertex 258.74 -122.078 1.3
    endloop
  endfacet
  facet normal 0 0 1
    outer loop
      vertex 276.465 -130.286 1.3
      vertex 258.74 -122.078 1.3
      vertex 258.37 -122.279 1.3
    endloop
  endfacet
  facet normal 0 0 1
    outer loop
      vertex 276.465 -130.286 1.3
      vertex 258.37 -122.279 1.3
      vertex 258.034 -122.532 1.3
    endloop
  endfacet
  facet normal 0 0 1
    outer loop
      vertex 276.465 -130.286 1.3
      vertex 258.034 -122.532 1.3
      vertex 257.736 -122.829 1.3
    endloop
  endfacet
  facet normal 0 0 1
    outer loop
      vertex 276.465 -130.286 1.3
      vertex 257.736 -122.829 1.3
      vertex 257.484 -123.166 1.3
    endloop
  endfacet
  facet normal 0 0 1
    outer loop
      vertex 276.465 -130.286 1.3
      vertex 257.484 -123.166 1.3
      vertex 257.282 -123.535 1.3
    endloop
  endfacet
  facet normal 0 0 1
    outer loop
      vertex 276.465 -130.286 1.3
      vertex 257.282 -123.535 1.3
      vertex 257.135 -123.93 1.3
    endloop
  endfacet
  facet normal 0 0 1
    outer loop
      vertex 276.465 -130.286 1.3
      vertex 257.135 -123.93 1.3
      vertex 257.045 -124.341 1.3
    endloop
  endfacet
  facet normal 0 0 1
    outer loop
      vertex 276.465 -130.286 1.3
      vertex 257.045 -124.341 1.3
      vertex 257.015 -124.761 1.3
    endloop
  endfacet
  facet normal 0 0 1
    outer loop
      vertex 276.465 -130.286 1.3
      vertex 257.015 -124.761 1.3
      vertex 257.015 -130.286 1.3
    endloop
  endfacet
  facet normal 0 0 0
    outer loop
      vertex 276.465 -130.286 1.3
      vertex 257.015 -130.286 1.3
      vertex 261.39 -130.286 1.3
    endloop
  endfacet
  facet normal 0 0 0
    outer loop
      vertex 276.465 -130.286 1.3
      vertex 261.39 -130.286 1.3
      vertex 272.09 -130.286 1.3
    endloop
  endfacet
  facet normal 0 0 0
    outer loop
      vertex 276.465 -124.761 1.3
      vertex 276.465 -130.286 1.3
      vertex 276.465 -130.301 1.3
    endloop
  endfacet
  facet normal 0 0 0
    outer loop
      vertex 276.465 -124.761 1.3
      vertex 276.465 -130.301 1.3
      vertex 276.465 -130.343 1.3
    endloop
  endfacet
  facet normal 0 0 0
    outer loop
      vertex 276.465 -124.761 1.3
      vertex 276.465 -130.343 1.3
      vertex 276.465 -130.41 1.3
    endloop
  endfacet
  facet normal 0 0 0
    outer loop
      vertex 276.465 -124.761 1.3
      vertex 276.465 -130.41 1.3
      vertex 276.465 -130.493 1.3
    endloop
  endfacet
  facet normal 0 0 0
    outer loop
      vertex 276.465 -124.761 1.3
      vertex 276.465 -130.493 1.3
      vertex 276.465 -130.586 1.3
    endloop
  endfacet
  facet normal 0 0 0
    outer loop
      vertex 276.465 -124.761 1.3
      vertex 276.465 -130.586 1.3
      vertex 276.465 -155.786 1.3
    endloop
  endfacet
  facet normal 0 0 0
    outer loop
      vertex 276.465 -124.761 1.3
      vertex 276.465 -155.786 1.3
      vertex 276.465 -155.879 1.3
    endloop
  endfacet
  facet normal 0 0 0
    outer loop
      vertex 276.465 -124.761 1.3
      vertex 276.465 -155.879 1.3
      vertex 276.465 -155.962 1.3
    endloop
  endfacet
  facet normal 0 0 0
    outer loop
      vertex 276.465 -124.761 1.3
      vertex 276.465 -155.962 1.3
      vertex 276.465 -156.029 1.3
    endloop
  endfacet
  facet normal 0 0 0
    outer loop
      vertex 276.465 -124.761 1.3
      vertex 276.465 -156.029 1.3
      vertex 276.465 -156.071 1.3
    endloop
  endfacet
  facet normal 0 0 0
    outer loop
      vertex 276.465 -124.761 1.3
      vertex 276.465 -156.071 1.3
      vertex 276.465 -156.086 1.3
    endloop
  endfacet
  facet normal 0 0 0
    outer loop
      vertex 276.465 -124.761 1.3
      vertex 276.465 -156.086 1.3
      vertex 276.465 -166.339 1.3
    endloop
  endfacet
  facet normal 0 0 0
    outer loop
      vertex 276.465 -124.761 1.3
      vertex 276.465 -166.339 1.3
      vertex 276.465 -166.412 1.3
    endloop
  endfacet
  facet normal 0 0 0
    outer loop
      vertex 276.465 -124.761 1.3
      vertex 276.465 -166.412 1.3
      vertex 276.465 -166.576 1.3
    endloop
  endfacet
  facet normal 0 0 0
    outer loop
      vertex 276.465 -124.761 1.3
      vertex 276.465 -166.576 1.3
      vertex 276.465 -166.816 1.3
    endloop
  endfacet
  facet normal 0 0 0
    outer loop
      vertex 276.465 -124.761 1.3
      vertex 276.465 -166.816 1.3
      vertex 276.465 -167.112 1.3
    endloop
  endfacet
  facet normal 0 0 0
    outer loop
      vertex 276.465 -124.761 1.3
      vertex 276.465 -167.112 1.3
      vertex 276.465 -167.436 1.3
    endloop
  endfacet
  facet normal 0 0 0
    outer loop
      vertex 276.465 -124.761 1.3
      vertex 276.465 -167.436 1.3
      vertex 276.465 -167.76 1.3
    endloop
  endfacet
  facet normal 0 0 0
    outer loop
      vertex 276.465 -124.761 1.3
      vertex 276.465 -167.76 1.3
      vertex 276.465 -168.056 1.3
    endloop
  endfacet
  facet normal 0 0 0
    outer loop
      vertex 276.465 -124.761 1.3
      vertex 276.465 -168.056 1.3
      vertex 276.465 -168.296 1.3
    endloop
  endfacet
  facet normal 0 0 0
    outer loop
      vertex 276.465 -124.761 1.3
      vertex 276.465 -168.296 1.3
      vertex 276.465 -168.46 1.3
    endloop
  endfacet
  facet normal 0 0 0
    outer loop
      vertex 276.465 -124.761 1.3
      vertex 276.465 -168.46 1.3
      vertex 276.465 -168.533 1.3
    endloop
  endfacet
  facet normal 0 0 0
    outer loop
      vertex 276.465 -124.761 1.3
      vertex 276.465 -168.533 1.3
      vertex 276.465 -174.193 1.3
    endloop
  endfacet
  facet normal 0 0 0
    outer loop
      vertex 276.465 -124.761 1.3
      vertex 276.465 -174.193 1.3
      vertex 276.465 -174.266 1.3
    endloop
  endfacet
  facet normal 0 0 0
    outer loop
      vertex 276.465 -124.761 1.3
      vertex 276.465 -174.266 1.3
      vertex 276.465 -174.43 1.3
    endloop
  endfacet
  facet normal 0 0 0
    outer loop
      vertex 276.465 -124.761 1.3
      vertex 276.465 -174.43 1.3
      vertex 276.465 -174.67 1.3
    endloop
  endfacet
  facet normal 0 0 0
    outer loop
      vertex 276.465 -124.761 1.3
      vertex 276.465 -174.67 1.3
      vertex 276.465 -174.966 1.3
    endloop
  endfacet
  facet normal 0 0 0
    outer loop
      vertex 276.465 -124.761 1.3
      vertex 276.465 -174.966 1.3
      vertex 276.465 -175.25 1.3
    endloop
  endfacet
  facet normal 1 0 0
    outer loop
      vertex 276.465 -124.761 1.3
      vertex 276.465 -175.25 1.3
      vertex 276.465 -175.25 0
    endloop
  endfacet
  facet normal 1 0 0
    outer loop
      vertex 276.465 -124.761 1.3
      vertex 276.465 -175.25 0
      vertex 276.465 -174.966 0
    endloop
  endfacet
  facet normal 1 0 0
    outer loop
      vertex 276.465 -124.761 1.3
      vertex 276.465 -174.966 0
      vertex 276.465 -174.67 0
    endloop
  endfacet
  facet normal 1 0 0
    outer loop
      vertex 276.465 -124.761 1.3
      vertex 276.465 -174.67 0
      vertex 276.465 -174.43 0
    endloop
  endfacet
  facet normal 1 0 0
    outer loop
      vertex 276.465 -124.761 1.3
      vertex 276.465 -174.43 0
      vertex 276.465 -174.266 0
    endloop
  endfacet
  facet normal 1 0 0
    outer loop
      vertex 276.465 -124.761 1.3
      vertex 276.465 -174.266 0
      vertex 276.465 -174.193 0
    endloop
  endfacet
  facet normal 1 0 0
    outer loop
      vertex 276.465 -124.761 1.3
      vertex 276.465 -174.193 0
      vertex 276.465 -168.533 0
    endloop
  endfacet
  facet normal 1 0 0
    outer loop
      vertex 276.465 -124.761 1.3
      vertex 276.465 -168.533 0
      vertex 276.465 -168.46 0
    endloop
  endfacet
  facet normal 1 0 0
    outer loop
      vertex 276.465 -124.761 1.3
      vertex 276.465 -168.46 0
      vertex 276.465 -168.296 0
    endloop
  endfacet
  facet normal 1 0 0
    outer loop
      vertex 276.465 -124.761 1.3
      vertex 276.465 -168.296 0
      vertex 276.465 -168.056 0
    endloop
  endfacet
  facet normal 1 0 0
    outer loop
      vertex 276.465 -124.761 1.3
      vertex 276.465 -168.056 0
      vertex 276.465 -167.76 0
    endloop
  endfacet
  facet normal 1 0 0
    outer loop
      vertex 276.465 -124.761 1.3
      vertex 276.465 -167.76 0
      vertex 276.465 -167.436 0
    endloop
  endfacet
  facet normal 1 0 0
    outer loop
      vertex 276.465 -124.761 1.3
      vertex 276.465 -167.436 0
      vertex 276.465 -167.112 0
    endloop
  endfacet
  facet normal 1 0 0
    outer loop
      vertex 276.465 -124.761 1.3
      vertex 276.465 -167.112 0
      vertex 276.465 -166.816 0
    endloop
  endfacet
  facet normal 1 0 0
    outer loop
      vertex 276.465 -124.761 1.3
      vertex 276.465 -166.816 0
      vertex 276.465 -166.576 0
    endloop
  endfacet
  facet normal 1 0 0
    outer loop
      vertex 276.465 -124.761 1.3
      vertex 276.465 -166.576 0
      vertex 276.465 -166.412 0
    endloop
  endfacet
  facet normal 1 0 0
    outer loop
      vertex 276.465 -124.761 1.3
      vertex 276.465 -166.412 0
      vertex 276.465 -166.339 0
    endloop
  endfacet
  facet normal 1 0 0
    outer loop
      vertex 276.465 -124.761 1.3
      vertex 276.465 -166.339 0
      vertex 276.465 -156.086 0
    endloop
  endfacet
  facet normal 1 0 0
    outer loop
      vertex 276.465 -124.761 1.3
      vertex 276.465 -156.086 0
      vertex 276.465 -156.071 0
    endloop
  endfacet
  facet normal 1 0 0
    outer loop
      vertex 276.465 -124.761 1.3
      vertex 276.465 -156.071 0
      vertex 276.465 -156.029 0
    endloop
  endfacet
  facet normal 1 0 0
    outer loop
      vertex 276.465 -124.761 1.3
      vertex 276.465 -156.029 0
      vertex 276.465 -155.962 0
    endloop
  endfacet
  facet normal 1 0 0
    outer loop
      vertex 276.465 -124.761 1.3
      vertex 276.465 -155.962 0
      vertex 276.465 -155.879 0
    endloop
  endfacet
  facet normal 1 0 0
    outer loop
      vertex 276.465 -124.761 1.3
      vertex 276.465 -155.879 0
      vertex 276.465 -155.786 0
    endloop
  endfacet
  facet normal 1 0 0
    outer loop
      vertex 276.465 -124.761 1.3
      vertex 276.465 -155.786 0
      vertex 276.465 -130.586 0
    endloop
  endfacet
  facet normal 1 0 0
    outer loop
      vertex 276.465 -124.761 1.3
      vertex 276.465 -130.586 0
      vertex 276.465 -130.493 0
    endloop
  endfacet
  facet normal 1 0 0
    outer loop
      vertex 276.465 -124.761 1.3
      vertex 276.465 -130.493 0
      vertex 276.465 -130.41 0
    endloop
  endfacet
  facet normal 1 0 0
    outer loop
      vertex 276.465 -124.761 1.3
      vertex 276.465 -130.41 0
      vertex 276.465 -130.343 0
    endloop
  endfacet
  facet normal 1 0 0
    outer loop
      vertex 276.465 -124.761 1.3
      vertex 276.465 -130.343 0
      vertex 276.465 -130.301 0
    endloop
  endfacet
  facet normal 1 0 0
    outer loop
      vertex 276.465 -124.761 1.3
      vertex 276.465 -130.301 0
      vertex 276.465 -130.286 0
    endloop
  endfacet
  facet normal 1 0 0
    outer loop
      vertex 276.465 -124.761 1.3
      vertex 276.465 -130.286 0
      vertex 276.465 -124.761 0
    endloop
  endfacet
  facet normal 0.997459 0.071247 0
    outer loop
      vertex 276.435 -124.341 1.3
      vertex 276.465 -124.761 1.3
      vertex 276.465 -124.761 0
    endloop
  endfacet
  facet normal 0.997459 0.071247 0
    outer loop
      vertex 276.435 -124.341 1.3
      vertex 276.465 -124.761 0
      vertex 276.435 -124.341 0
    endloop
  endfacet
  facet normal 0.976853 0.21391 0
    outer loop
      vertex 276.345 -123.93 1.3
      vertex 276.435 -124.341 1.3
      vertex 276.435 -124.341 0
    endloop
  endfacet
  facet normal 0.976853 0.21391 0
    outer loop
      vertex 276.345 -123.93 1.3
      vertex 276.435 -124.341 0
      vertex 276.345 -123.93 0
    endloop
  endfacet
  facet normal 0.937204 0.348782 0
    outer loop
      vertex 276.198 -123.535 1.3
      vertex 276.345 -123.93 1.3
      vertex 276.345 -123.93 0
    endloop
  endfacet
  facet normal 0.937204 0.348782 0
    outer loop
      vertex 276.198 -123.535 1.3
      vertex 276.345 -123.93 0
      vertex 276.198 -123.535 0
    endloop
  endfacet
  facet normal 0.878168 0.478352 0
    outer loop
      vertex 275.997 -123.166 1.3
      vertex 276.198 -123.535 1.3
      vertex 276.198 -123.535 0
    endloop
  endfacet
  facet normal 0.878168 0.478352 0
    outer loop
      vertex 275.997 -123.166 1.3
      vertex 276.198 -123.535 0
      vertex 275.997 -123.166 0
    endloop
  endfacet
  facet normal 0.799715 0.60038 0
    outer loop
      vertex 275.744 -122.829 1.3
      vertex 275.997 -123.166 1.3
      vertex 275.997 -123.166 0
    endloop
  endfacet
  facet normal 0.799715 0.60038 0
    outer loop
      vertex 275.744 -122.829 1.3
      vertex 275.997 -123.166 0
      vertex 275.744 -122.829 0
    endloop
  endfacet
  facet normal 0.707107 0.707107 0
    outer loop
      vertex 275.447 -122.532 1.3
      vertex 275.744 -122.829 1.3
      vertex 275.744 -122.829 0
    endloop
  endfacet
  facet normal 0.707107 0.707107 0
    outer loop
      vertex 275.447 -122.532 1.3
      vertex 275.744 -122.829 0
      vertex 275.447 -122.532 0
    endloop
  endfacet
  facet normal 0.60038 0.799715 0
    outer loop
      vertex 275.11 -122.279 1.3
      vertex 275.447 -122.532 1.3
      vertex 275.447 -122.532 0
    endloop
  endfacet
  facet normal 0.60038 0.799715 0
    outer loop
      vertex 275.11 -122.279 1.3
      vertex 275.447 -122.532 0
      vertex 275.11 -122.279 0
    endloop
  endfacet
  facet normal 0.477354 0.878711 0
    outer loop
      vertex 274.74 -122.078 1.3
      vertex 275.11 -122.279 1.3
      vertex 275.11 -122.279 0
    endloop
  endfacet
  facet normal 0.477354 0.878711 0
    outer loop
      vertex 274.74 -122.078 1.3
      vertex 275.11 -122.279 0
      vertex 274.74 -122.078 0
    endloop
  endfacet
  facet normal 0.351644 0.936134 0
    outer loop
      vertex 274.346 -121.93 1.3
      vertex 274.74 -122.078 1.3
      vertex 274.74 -122.078 0
    endloop
  endfacet
  facet normal 0.351644 0.936134 0
    outer loop
      vertex 274.346 -121.93 1.3
      vertex 274.74 -122.078 0
      vertex 274.346 -121.93 0
    endloop
  endfacet
  facet normal 0.21164 0.977348 0
    outer loop
      vertex 273.935 -121.841 1.3
      vertex 274.346 -121.93 1.3
      vertex 274.346 -121.93 0
    endloop
  endfacet
  facet normal 0.21164 0.977348 0
    outer loop
      vertex 273.935 -121.841 1.3
      vertex 274.346 -121.93 0
      vertex 273.935 -121.841 0
    endloop
  endfacet
  facet normal 0.071247 0.997459 0
    outer loop
      vertex 273.515 -121.811 1.3
      vertex 273.935 -121.841 1.3
      vertex 273.935 -121.841 0
    endloop
  endfacet
  facet normal 0.071247 0.997459 0
    outer loop
      vertex 273.515 -121.811 1.3
      vertex 273.935 -121.841 0
      vertex 273.515 -121.811 0
    endloop
  endfacet
  facet normal -0 1 0
    outer loop
      vertex 259.965 -121.811 1.3
      vertex 273.515 -121.811 1.3
      vertex 273.515 -121.811 0
    endloop
  endfacet
  facet normal 0 1 0
    outer loop
      vertex 259.965 -121.811 1.3
      vertex 273.515 -121.811 0
      vertex 263.734 -121.811 0
    endloop
  endfacet
  facet normal 0 1 0
    outer loop
      vertex 259.965 -121.811 1.3
      vertex 263.734 -121.811 0
      vertex 259.965 -121.811 0
    endloop
  endfacet
  facet normal -0.0714162 0.997447 0
    outer loop
      vertex 259.546 -121.841 1.3
      vertex 259.965 -121.811 1.3
      vertex 259.965 -121.811 0
    endloop
  endfacet
  facet normal -0.0714162 0.997447 0
    outer loop
      vertex 259.546 -121.841 1.3
      vertex 259.965 -121.811 0
      vertex 259.546 -121.841 0
    endloop
  endfacet
  facet normal -0.211149 0.977454 0
    outer loop
      vertex 259.134 -121.93 1.3
      vertex 259.546 -121.841 1.3
      vertex 259.546 -121.841 0
    endloop
  endfacet
  facet normal -0.211149 0.977454 0
    outer loop
      vertex 259.134 -121.93 1.3
      vertex 259.546 -121.841 0
      vertex 259.134 -121.93 0
    endloop
  endfacet
  facet normal -0.351644 0.936134 0
    outer loop
      vertex 258.74 -122.078 1.3
      vertex 259.134 -121.93 1.3
      vertex 259.134 -121.93 0
    endloop
  endfacet
  facet normal -0.351644 0.936134 0
    outer loop
      vertex 258.74 -122.078 1.3
      vertex 259.134 -121.93 0
      vertex 258.74 -122.078 0
    endloop
  endfacet
  facet normal -0.477354 0.878711 0
    outer loop
      vertex 258.37 -122.279 1.3
      vertex 258.74 -122.078 1.3
      vertex 258.74 -122.078 0
    endloop
  endfacet
  facet normal -0.477354 0.878711 0
    outer loop
      vertex 258.37 -122.279 1.3
      vertex 258.74 -122.078 0
      vertex 258.37 -122.279 0
    endloop
  endfacet
  facet normal -0.601521 0.798857 0
    outer loop
      vertex 258.034 -122.532 1.3
      vertex 258.37 -122.279 1.3
      vertex 258.37 -122.279 0
    endloop
  endfacet
  facet normal -0.601521 0.798857 0
    outer loop
      vertex 258.034 -122.532 1.3
      vertex 258.37 -122.279 0
      vertex 258.034 -122.532 0
    endloop
  endfacet
  facet normal -0.705917 0.708294 0
    outer loop
      vertex 257.736 -122.829 1.3
      vertex 258.034 -122.532 1.3
      vertex 258.034 -122.532 0
    endloop
  endfacet
  facet normal -0.705917 0.708294 0
    outer loop
      vertex 257.736 -122.829 1.3
      vertex 258.034 -122.532 0
      vertex 257.736 -122.829 0
    endloop
  endfacet
  facet normal -0.800855 0.598859 0
    outer loop
      vertex 257.484 -123.166 1.3
      vertex 257.736 -122.829 1.3
      vertex 257.736 -122.829 0
    endloop
  endfacet
  facet normal -0.800855 0.598859 0
    outer loop
      vertex 257.484 -123.166 1.3
      vertex 257.736 -122.829 0
      vertex 257.484 -123.166 0
    endloop
  endfacet
  facet normal -0.877168 0.480184 0
    outer loop
      vertex 257.282 -123.535 1.3
      vertex 257.484 -123.166 1.3
      vertex 257.484 -123.166 0
    endloop
  endfacet
  facet normal -0.877168 0.480184 0
    outer loop
      vertex 257.282 -123.535 1.3
      vertex 257.484 -123.166 0
      vertex 257.282 -123.535 0
    endloop
  endfacet
  facet normal -0.937204 0.348782 0
    outer loop
      vertex 257.135 -123.93 1.3
      vertex 257.282 -123.535 1.3
      vertex 257.282 -123.535 0
    endloop
  endfacet
  facet normal -0.937204 0.348782 0
    outer loop
      vertex 257.135 -123.93 1.3
      vertex 257.282 -123.535 0
      vertex 257.135 -123.93 0
    endloop
  endfacet
  facet normal -0.976853 0.21391 0
    outer loop
      vertex 257.045 -124.341 1.3
      vertex 257.135 -123.93 1.3
      vertex 257.135 -123.93 0
    endloop
  endfacet
  facet normal -0.976853 0.21391 0
    outer loop
      vertex 257.045 -124.341 1.3
      vertex 257.135 -123.93 0
      vertex 257.045 -124.341 0
    endloop
  endfacet
  facet normal -0.997459 0.071247 0
    outer loop
      vertex 257.015 -124.761 1.3
      vertex 257.045 -124.341 1.3
      vertex 257.045 -124.341 0
    endloop
  endfacet
  facet normal -0.997459 0.071247 0
    outer loop
      vertex 257.015 -124.761 1.3
      vertex 257.045 -124.341 0
      vertex 257.015 -124.761 0
    endloop
  endfacet
  facet normal 0 0 0
    outer loop
      vertex 257.015 -167.427 1.3
      vertex 257.015 -167.272 1.3
      vertex 257.015 -166.959 1.3
    endloop
  endfacet
  facet normal 0 0 0
    outer loop
      vertex 257.015 -167.427 1.3
      vertex 257.015 -166.959 1.3
      vertex 257.015 -166.688 1.3
    endloop
  endfacet
  facet normal 0 0 0
    outer loop
      vertex 257.015 -167.427 1.3
      vertex 257.015 -166.688 1.3
      vertex 257.015 -166.483 1.3
    endloop
  endfacet
  facet normal 0 0 0
    outer loop
      vertex 257.015 -167.427 1.3
      vertex 257.015 -166.483 1.3
      vertex 257.015 -166.364 1.3
    endloop
  endfacet
  facet normal 0 0 0
    outer loop
      vertex 257.015 -167.427 1.3
      vertex 257.015 -166.364 1.3
      vertex 257.015 -166.339 1.3
    endloop
  endfacet
  facet normal 0 0 0
    outer loop
      vertex 257.015 -167.427 1.3
      vertex 257.015 -166.339 1.3
      vertex 257.015 -156.086 1.3
    endloop
  endfacet
  facet normal 0 0 0
    outer loop
      vertex 257.015 -167.427 1.3
      vertex 257.015 -156.086 1.3
      vertex 257.015 -156.071 1.3
    endloop
  endfacet
  facet normal 0 0 0
    outer loop
      vertex 257.015 -167.427 1.3
      vertex 257.015 -156.071 1.3
      vertex 257.015 -156.029 1.3
    endloop
  endfacet
  facet normal 0 0 0
    outer loop
      vertex 257.015 -167.427 1.3
      vertex 257.015 -156.029 1.3
      vertex 257.015 -155.962 1.3
    endloop
  endfacet
  facet normal 0 0 0
    outer loop
      vertex 257.015 -167.427 1.3
      vertex 257.015 -155.962 1.3
      vertex 257.015 -155.879 1.3
    endloop
  endfacet
  facet normal 0 0 0
    outer loop
      vertex 257.015 -167.427 1.3
      vertex 257.015 -155.879 1.3
      vertex 257.015 -155.786 1.3
    endloop
  endfacet
  facet normal 0 0 0
    outer loop
      vertex 257.015 -167.427 1.3
      vertex 257.015 -155.786 1.3
      vertex 257.015 -130.586 1.3
    endloop
  endfacet
  facet normal 0 0 0
    outer loop
      vertex 257.015 -167.427 1.3
      vertex 257.015 -130.586 1.3
      vertex 257.015 -130.493 1.3
    endloop
  endfacet
  facet normal 0 0 0
    outer loop
      vertex 257.015 -167.427 1.3
      vertex 257.015 -130.493 1.3
      vertex 257.015 -130.41 1.3
    endloop
  endfacet
  facet normal 0 0 0
    outer loop
      vertex 257.015 -167.427 1.3
      vertex 257.015 -130.41 1.3
      vertex 257.015 -130.343 1.3
    endloop
  endfacet
  facet normal 0 0 0
    outer loop
      vertex 257.015 -167.427 1.3
      vertex 257.015 -130.343 1.3
      vertex 257.015 -130.301 1.3
    endloop
  endfacet
  facet normal 0 0 0
    outer loop
      vertex 257.015 -167.427 1.3
      vertex 257.015 -130.301 1.3
      vertex 257.015 -130.286 1.3
    endloop
  endfacet
  facet normal 0 0 0
    outer loop
      vertex 257.015 -167.427 1.3
      vertex 257.015 -130.286 1.3
      vertex 257.015 -124.761 1.3
    endloop
  endfacet
  facet normal -1 0 0
    outer loop
      vertex 257.015 -167.427 1.3
      vertex 257.015 -124.761 1.3
      vertex 257.015 -124.761 0
    endloop
  endfacet
  facet normal -1 0 0
    outer loop
      vertex 257.015 -167.427 1.3
      vertex 257.015 -124.761 0
      vertex 257.015 -130.286 0
    endloop
  endfacet
  facet normal -1 0 0
    outer loop
      vertex 257.015 -167.427 1.3
      vertex 257.015 -130.286 0
      vertex 257.015 -130.301 0
    endloop
  endfacet
  facet normal -1 0 0
    outer loop
      vertex 257.015 -167.427 1.3
      vertex 257.015 -130.301 0
      vertex 257.015 -130.343 0
    endloop
  endfacet
  facet normal -1 0 0
    outer loop
      vertex 257.015 -167.427 1.3
      vertex 257.015 -130.343 0
      vertex 257.015 -130.41 0
    endloop
  endfacet
  facet normal -1 0 0
    outer loop
      vertex 257.015 -167.427 1.3
      vertex 257.015 -130.41 0
      vertex 257.015 -130.493 0
    endloop
  endfacet
  facet normal -1 0 0
    outer loop
      vertex 257.015 -167.427 1.3
      vertex 257.015 -130.493 0
      vertex 257.015 -130.586 0
    endloop
  endfacet
  facet normal -1 0 0
    outer loop
      vertex 257.015 -167.427 1.3
      vertex 257.015 -130.586 0
      vertex 257.015 -155.786 0
    endloop
  endfacet
  facet normal -1 0 0
    outer loop
      vertex 257.015 -167.427 1.3
      vertex 257.015 -155.786 0
      vertex 257.015 -155.879 0
    endloop
  endfacet
  facet normal -1 0 0
    outer loop
      vertex 257.015 -167.427 1.3
      vertex 257.015 -155.879 0
      vertex 257.015 -155.962 0
    endloop
  endfacet
  facet normal -1 0 0
    outer loop
      vertex 257.015 -167.427 1.3
      vertex 257.015 -155.962 0
      vertex 257.015 -156.029 0
    endloop
  endfacet
  facet normal -1 0 0
    outer loop
      vertex 257.015 -167.427 1.3
      vertex 257.015 -156.029 0
      vertex 257.015 -156.071 0
    endloop
  endfacet
  facet normal -1 0 0
    outer loop
      vertex 257.015 -167.427 1.3
      vertex 257.015 -156.071 0
      vertex 257.015 -156.086 0
    endloop
  endfacet
  facet normal -1 0 0
    outer loop
      vertex 257.015 -167.427 1.3
      vertex 257.015 -156.086 0
      vertex 257.015 -166.339 0
    endloop
  endfacet
  facet normal -1 0 0
    outer loop
      vertex 257.015 -167.427 1.3
      vertex 257.015 -166.339 0
      vertex 257.015 -166.364 0
    endloop
  endfacet
  facet normal -1 0 0
    outer loop
      vertex 257.015 -167.427 1.3
      vertex 257.015 -166.364 0
      vertex 257.015 -166.483 0
    endloop
  endfacet
  facet normal -1 0 0
    outer loop
      vertex 257.015 -167.427 1.3
      vertex 257.015 -166.483 0
      vertex 257.015 -166.688 0
    endloop
  endfacet
  facet normal -1 0 0
    outer loop
      vertex 257.015 -167.427 1.3
      vertex 257.015 -166.688 0
      vertex 257.015 -166.959 0
    endloop
  endfacet
  facet normal -1 0 0
    outer loop
      vertex 257.015 -167.427 1.3
      vertex 257.015 -166.959 0
      vertex 257.015 -167.272 0
    endloop
  endfacet
  facet normal -1 0 0
    outer loop
      vertex 257.015 -167.427 1.3
      vertex 257.015 -167.272 0
      vertex 257.015 -167.427 0
    endloop
  endfacet
  facet normal 0 0 1
    outer loop
      vertex 257.041 -167.812 1.3
      vertex 257.027 -167.6 1.3
      vertex 257.015 -167.427 1.3
    endloop
  endfacet
  facet normal -0.997727 -0.067379 0
    outer loop
      vertex 257.041 -167.812 1.3
      vertex 257.015 -167.427 1.3
      vertex 257.015 -167.427 0
    endloop
  endfacet
  facet normal -0.997603 -0.0691979 -0.000541163
    outer loop
      vertex 257.041 -167.812 1.3
      vertex 257.015 -167.427 0
      vertex 257.027 -167.6 0
    endloop
  endfacet
  facet normal -0.997827 -0.0658942 -0
    outer loop
      vertex 257.041 -167.812 1.3
      vertex 257.027 -167.6 0
      vertex 257.041 -167.812 0
    endloop
  endfacet
  facet normal 0 0 1
    outer loop
      vertex 257.116 -168.191 1.3
      vertex 257.115 -168.184 1.3
      vertex 257.061 -167.913 1.3
    endloop
  endfacet
  facet normal 0 0 1
    outer loop
      vertex 257.116 -168.191 1.3
      vertex 257.061 -167.913 1.3
      vertex 257.041 -167.812 1.3
    endloop
  endfacet
  facet normal -0.980977 -0.194125 0
    outer loop
      vertex 257.116 -168.191 1.3
      vertex 257.041 -167.812 1.3
      vertex 257.041 -167.812 0
    endloop
  endfacet
  facet normal -0.980952 -0.194248 -3.73554e-05
    outer loop
      vertex 257.116 -168.191 1.3
      vertex 257.041 -167.812 0
      vertex 257.061 -167.913 0
    endloop
  endfacet
  facet normal -0.98072 -0.19542 -0.000297863
    outer loop
      vertex 257.116 -168.191 1.3
      vertex 257.061 -167.913 0
      vertex 257.115 -168.184 0
    endloop
  endfacet
  facet normal -0.989949 -0.141421 -0
    outer loop
      vertex 257.116 -168.191 1.3
      vertex 257.115 -168.184 0
      vertex 257.116 -168.191 0
    endloop
  endfacet
  facet normal 0 0 -1
    outer loop
      vertex 257.24 -168.556 1.3
      vertex 257.232 -168.533 1.3
      vertex 257.224 -168.508 1.3
    endloop
  endfacet
  facet normal 0 0 1
    outer loop
      vertex 257.24 -168.556 1.3
      vertex 257.224 -168.508 1.3
      vertex 257.183 -168.389 1.3
    endloop
  endfacet
  facet normal 0 0 -1
    outer loop
      vertex 257.24 -168.556 1.3
      vertex 257.183 -168.389 1.3
      vertex 257.116 -168.191 1.3
    endloop
  endfacet
  facet normal -0.946852 -0.32167 0
    outer loop
      vertex 257.24 -168.556 1.3
      vertex 257.116 -168.191 1.3
      vertex 257.116 -168.191 0
    endloop
  endfacet
  facet normal -0.947238 -0.32053 0.000356962
    outer loop
      vertex 257.24 -168.556 1.3
      vertex 257.116 -168.191 0
      vertex 257.183 -168.389 0
    endloop
  endfacet
  facet normal -0.945457 -0.325746 -0.000391139
    outer loop
      vertex 257.24 -168.556 1.3
      vertex 257.183 -168.389 0
      vertex 257.224 -168.508 0
    endloop
  endfacet
  facet normal -0.952424 -0.304776 0.000468886
    outer loop
      vertex 257.24 -168.556 1.3
      vertex 257.224 -168.508 0
      vertex 257.232 -168.533 0
    endloop
  endfacet
  facet normal -0.944497 -0.328521 -0
    outer loop
      vertex 257.24 -168.556 1.3
      vertex 257.232 -168.533 0
      vertex 257.24 -168.556 0
    endloop
  endfacet
  facet normal -0.89649 -0.443063 0
    outer loop
      vertex 257.411 -168.902 1.3
      vertex 257.24 -168.556 1.3
      vertex 257.24 -168.556 0
    endloop
  endfacet
  facet normal -0.89649 -0.443063 -0
    outer loop
      vertex 257.411 -168.902 1.3
      vertex 257.24 -168.556 0
      vertex 257.411 -168.902 0
    endloop
  endfacet
  facet normal -0.83205 -0.5547 0
    outer loop
      vertex 257.625 -169.223 1.3
      vertex 257.411 -168.902 1.3
      vertex 257.411 -168.902 0
    endloop
  endfacet
  facet normal -0.83205 -0.5547 -0
    outer loop
      vertex 257.625 -169.223 1.3
      vertex 257.411 -168.902 0
      vertex 257.625 -169.223 0
    endloop
  endfacet
  facet normal -0.752255 -0.658872 0
    outer loop
      vertex 257.879 -169.513 1.3
      vertex 257.625 -169.223 1.3
      vertex 257.625 -169.223 0
    endloop
  endfacet
  facet normal -0.752255 -0.658872 -0
    outer loop
      vertex 257.879 -169.513 1.3
      vertex 257.625 -169.223 0
      vertex 257.879 -169.513 0
    endloop
  endfacet
  facet normal -0.659053 -0.752096 0
    outer loop
      vertex 258.17 -169.768 1.3
      vertex 257.879 -169.513 1.3
      vertex 257.879 -169.513 0
    endloop
  endfacet
  facet normal -0.659053 -0.752096 -0
    outer loop
      vertex 258.17 -169.768 1.3
      vertex 257.879 -169.513 0
      vertex 258.17 -169.768 0
    endloop
  endfacet
  facet normal -0.555899 -0.83125 0
    outer loop
      vertex 258.49 -169.982 1.3
      vertex 258.17 -169.768 1.3
      vertex 258.17 -169.768 0
    endloop
  endfacet
  facet normal -0.555899 -0.83125 -0
    outer loop
      vertex 258.49 -169.982 1.3
      vertex 258.17 -169.768 0
      vertex 258.49 -169.982 0
    endloop
  endfacet
  facet normal -0.499857 -0.866108 0
    outer loop
      vertex 260.344 -171.052 1.3
      vertex 258.49 -169.982 1.3
      vertex 258.49 -169.982 0
    endloop
  endfacet
  facet normal -0.499857 -0.866108 -0
    outer loop
      vertex 260.344 -171.052 1.3
      vertex 258.49 -169.982 0
      vertex 260.344 -171.052 0
    endloop
  endfacet
  facet normal 0 0 -1
    outer loop
      vertex 272.04 -177.805 1.3
      vertex 269.584 -176.387 1.3
      vertex 269.542 -176.362 1.3
    endloop
  endfacet
  facet normal 0 0 1
    outer loop
      vertex 272.04 -177.805 1.3
      vertex 269.542 -176.362 1.3
      vertex 269.334 -176.243 1.3
    endloop
  endfacet
  facet normal 0 0 -1
    outer loop
      vertex 272.04 -177.805 1.3
      vertex 269.334 -176.243 1.3
      vertex 268.98 -176.038 1.3
    endloop
  endfacet
  facet normal 0 0 -1
    outer loop
      vertex 272.04 -177.805 1.3
      vertex 268.98 -176.038 1.3
      vertex 268.511 -175.767 1.3
    endloop
  endfacet
  facet normal 0 0 1
    outer loop
      vertex 272.04 -177.805 1.3
      vertex 268.511 -175.767 1.3
      vertex 267.968 -175.454 1.3
    endloop
  endfacet
  facet normal 0 0 -1
    outer loop
      vertex 272.04 -177.805 1.3
      vertex 267.968 -175.454 1.3
      vertex 267.4 -175.126 1.3
    endloop
  endfacet
  facet normal 0 0 1
    outer loop
      vertex 272.04 -177.805 1.3
      vertex 267.4 -175.126 1.3
      vertex 266.857 -174.813 1.3
    endloop
  endfacet
  facet normal 0 0 -1
    outer loop
      vertex 272.04 -177.805 1.3
      vertex 266.857 -174.813 1.3
      vertex 266.388 -174.542 1.3
    endloop
  endfacet
  facet normal 0 0 -1
    outer loop
      vertex 272.04 -177.805 1.3
      vertex 266.388 -174.542 1.3
      vertex 266.034 -174.337 1.3
    endloop
  endfacet
  facet normal 0 0 1
    outer loop
      vertex 272.04 -177.805 1.3
      vertex 266.034 -174.337 1.3
      vertex 265.827 -174.218 1.3
    endloop
  endfacet
  facet normal 0 0 -1
    outer loop
      vertex 272.04 -177.805 1.3
      vertex 265.827 -174.218 1.3
      vertex 265.784 -174.193 1.3
    endloop
  endfacet
  facet normal 0 0 -1
    outer loop
      vertex 272.04 -177.805 1.3
      vertex 265.784 -174.193 1.3
      vertex 260.344 -171.052 1.3
    endloop
  endfacet
  facet normal -0.500017 -0.866015 0
    outer loop
      vertex 272.04 -177.805 1.3
      vertex 260.344 -171.052 1.3
      vertex 260.344 -171.052 0
    endloop
  endfacet
  facet normal -0.500026 -0.866011 9.99243e-05
    outer loop
      vertex 272.04 -177.805 1.3
      vertex 260.344 -171.052 0
      vertex 265.784 -174.193 0
    endloop
  endfacet
  facet normal -0.50255 -0.864386 0.016762
    outer loop
      vertex 272.04 -177.805 1.3
      vertex 265.784 -174.193 0
      vertex 265.827 -174.218 0
    endloop
  endfacet
  facet normal -0.498367 -0.866907 -0.0101864
    outer loop
      vertex 272.04 -177.805 1.3
      vertex 265.827 -174.218 0
      vertex 266.034 -174.337 0
    endloop
  endfacet
  facet normal -0.501121 -0.865351 0.00669039
    outer loop
      vertex 272.04 -177.805 1.3
      vertex 266.034 -174.337 0
      vertex 266.388 -174.542 0
    endloop
  endfacet
  facet normal -0.500307 -0.865846 0.00191006
    outer loop
      vertex 272.04 -177.805 1.3
      vertex 266.388 -174.542 0
      vertex 266.857 -174.813 0
    endloop
  endfacet
  facet normal -0.499398 -0.866368 -0.00291735
    outer loop
      vertex 272.04 -177.805 1.3
      vertex 266.857 -174.813 0
      vertex 267.4 -175.126 0
    endloop
  endfacet
  facet normal -0.500074 -0.865982 0.00029085
    outer loop
      vertex 272.04 -177.805 1.3
      vertex 267.4 -175.126 0
      vertex 267.968 -175.454 0
    endloop
  endfacet
  facet normal -0.499399 -0.866369 -0.00252461
    outer loop
      vertex 272.04 -177.805 1.3
      vertex 267.968 -175.454 0
      vertex 268.511 -175.767 0
    endloop
  endfacet
  facet normal -0.500308 -0.865847 0.000762604
    outer loop
      vertex 272.04 -177.805 1.3
      vertex 268.511 -175.767 0
      vertex 268.98 -176.038 0
    endloop
  endfacet
  facet normal -0.50113 -0.865366 0.00335089
    outer loop
      vertex 272.04 -177.805 1.3
      vertex 268.98 -176.038 0
      vertex 269.334 -176.243 0
    endloop
  endfacet
  facet normal -0.496567 -0.867949 -0.00925085
    outer loop
      vertex 272.04 -177.805 1.3
      vertex 269.334 -176.243 0
      vertex 269.542 -176.362 0
    endloop
  endfacet
  facet normal -0.511269 -0.858931 0.0290086
    outer loop
      vertex 272.04 -177.805 1.3
      vertex 269.542 -176.362 0
      vertex 269.584 -176.387 0
    endloop
  endfacet
  facet normal -0.500007 -0.866021 -0
    outer loop
      vertex 272.04 -177.805 1.3
      vertex 269.584 -176.387 0
      vertex 272.04 -177.805 0
    endloop
  endfacet
  facet normal -0.437466 -0.899235 0
    outer loop
      vertex 272.41 -177.985 1.3
      vertex 272.04 -177.805 1.3
      vertex 272.04 -177.805 0
    endloop
  endfacet
  facet normal -0.437466 -0.899235 -0
    outer loop
      vertex 272.41 -177.985 1.3
      vertex 272.04 -177.805 0
      vertex 272.41 -177.985 0
    endloop
  endfacet
  facet normal -0.308921 -0.951088 0
    outer loop
      vertex 272.801 -178.112 1.3
      vertex 272.41 -177.985 1.3
      vertex 272.41 -177.985 0
    endloop
  endfacet
  facet normal -0.308921 -0.951088 -0
    outer loop
      vertex 272.801 -178.112 1.3
      vertex 272.41 -177.985 0
      vertex 272.801 -178.112 0
    endloop
  endfacet
  facet normal -0.174615 -0.984637 0
    outer loop
      vertex 273.207 -178.184 1.3
      vertex 272.801 -178.112 1.3
      vertex 272.801 -178.112 0
    endloop
  endfacet
  facet normal -0.174615 -0.984637 -0
    outer loop
      vertex 273.207 -178.184 1.3
      vertex 272.801 -178.112 0
      vertex 273.207 -178.184 0
    endloop
  endfacet
  facet normal -0.0340435 -0.99942 0
    outer loop
      vertex 273.618 -178.198 1.3
      vertex 273.207 -178.184 1.3
      vertex 273.207 -178.184 0
    endloop
  endfacet
  facet normal -0.0340435 -0.99942 -0
    outer loop
      vertex 273.618 -178.198 1.3
      vertex 273.207 -178.184 0
      vertex 273.618 -178.198 0
    endloop
  endfacet
  facet normal 0.104558 -0.994519 0
    outer loop
      vertex 274.027 -178.155 1.3
      vertex 273.618 -178.198 1.3
      vertex 273.618 -178.198 0
    endloop
  endfacet
  facet normal 0.104558 -0.994519 0
    outer loop
      vertex 274.027 -178.155 1.3
      vertex 273.618 -178.198 0
      vertex 274.027 -178.155 0
    endloop
  endfacet
  facet normal 0.240818 -0.97057 0
    outer loop
      vertex 274.426 -178.056 1.3
      vertex 274.027 -178.155 1.3
      vertex 274.027 -178.155 0
    endloop
  endfacet
  facet normal 0.240818 -0.97057 0
    outer loop
      vertex 274.426 -178.056 1.3
      vertex 274.027 -178.155 0
      vertex 274.426 -178.056 0
    endloop
  endfacet
  facet normal 0.375987 -0.926625 0
    outer loop
      vertex 274.808 -177.901 1.3
      vertex 274.426 -178.056 1.3
      vertex 274.426 -178.056 0
    endloop
  endfacet
  facet normal 0.375987 -0.926625 0
    outer loop
      vertex 274.808 -177.901 1.3
      vertex 274.426 -178.056 0
      vertex 274.808 -177.901 0
    endloop
  endfacet
  facet normal 0.49902 -0.866591 0
    outer loop
      vertex 275.164 -177.696 1.3
      vertex 274.808 -177.901 1.3
      vertex 274.808 -177.901 0
    endloop
  endfacet
  facet normal 0.49902 -0.866591 0
    outer loop
      vertex 275.164 -177.696 1.3
      vertex 274.808 -177.901 0
      vertex 275.164 -177.696 0
    endloop
  endfacet
  facet normal 0.615785 -0.787914 0
    outer loop
      vertex 275.489 -177.442 1.3
      vertex 275.164 -177.696 1.3
      vertex 275.164 -177.696 0
    endloop
  endfacet
  facet normal 0.615785 -0.787914 0
    outer loop
      vertex 275.489 -177.442 1.3
      vertex 275.164 -177.696 0
      vertex 275.489 -177.442 0
    endloop
  endfacet
  facet normal 0.71915 -0.694855 0
    outer loop
      vertex 275.775 -177.146 1.3
      vertex 275.489 -177.442 1.3
      vertex 275.489 -177.442 0
    endloop
  endfacet
  facet normal 0.71915 -0.694855 0
    outer loop
      vertex 275.775 -177.146 1.3
      vertex 275.489 -177.442 0
      vertex 275.775 -177.146 0
    endloop
  endfacet
  facet normal 0.808946 -0.587883 0
    outer loop
      vertex 276.017 -176.813 1.3
      vertex 275.775 -177.146 1.3
      vertex 275.775 -177.146 0
    endloop
  endfacet
  facet normal 0.808946 -0.587883 0
    outer loop
      vertex 276.017 -176.813 1.3
      vertex 275.775 -177.146 0
      vertex 276.017 -176.813 0
    endloop
  endfacet
  facet normal 0.882958 -0.469452 0
    outer loop
      vertex 276.21 -176.45 1.3
      vertex 276.017 -176.813 1.3
      vertex 276.017 -176.813 0
    endloop
  endfacet
  facet normal 0.882958 -0.469452 0
    outer loop
      vertex 276.21 -176.45 1.3
      vertex 276.017 -176.813 0
      vertex 276.21 -176.45 0
    endloop
  endfacet
  facet normal 0 0 1
    outer loop
      vertex 276.351 -176.063 1.3
      vertex 276.319 -176.15 1.3
      vertex 276.259 -176.314 1.3
    endloop
  endfacet
  facet normal 0 0 1
    outer loop
      vertex 276.351 -176.063 1.3
      vertex 276.259 -176.314 1.3
      vertex 276.233 -176.387 1.3
    endloop
  endfacet
  facet normal 0 0 -1
    outer loop
      vertex 276.351 -176.063 1.3
      vertex 276.233 -176.387 1.3
      vertex 276.21 -176.45 1.3
    endloop
  endfacet
  facet normal 0.939581 -0.342328 0
    outer loop
      vertex 276.351 -176.063 1.3
      vertex 276.21 -176.45 1.3
      vertex 276.21 -176.45 0
    endloop
  endfacet
  facet normal 0.939357 -0.34294 0.000206452
    outer loop
      vertex 276.351 -176.063 1.3
      vertex 276.21 -176.45 0
      vertex 276.233 -176.387 0
    endloop
  endfacet
  facet normal 0.942032 -0.335518 -0.00188605
    outer loop
      vertex 276.351 -176.063 1.3
      vertex 276.233 -176.387 0
      vertex 276.259 -176.314 0
    endloop
  endfacet
  facet normal 0.939123 -0.343582 -0.000123337
    outer loop
      vertex 276.351 -176.063 1.3
      vertex 276.259 -176.314 0
      vertex 276.319 -176.15 0
    endloop
  endfacet
  facet normal 0.938527 -0.345205 0
    outer loop
      vertex 276.351 -176.063 1.3
      vertex 276.319 -176.15 0
      vertex 276.351 -176.063 0
    endloop
  endfacet
  facet normal 0 0 1
    outer loop
      vertex 276.436 -175.661 1.3
      vertex 276.383 -175.91 1.3
      vertex 276.351 -176.063 1.3
    endloop
  endfacet
  facet normal 0.978369 -0.206869 0
    outer loop
      vertex 276.436 -175.661 1.3
      vertex 276.351 -176.063 1.3
      vertex 276.351 -176.063 0
    endloop
  endfacet
  facet normal 0.97882 -0.204721 -0.000693885
    outer loop
      vertex 276.436 -175.661 1.3
      vertex 276.351 -176.063 0
      vertex 276.383 -175.91 0
    endloop
  endfacet
  facet normal 0.978089 -0.208188 0
    outer loop
      vertex 276.436 -175.661 1.3
      vertex 276.383 -175.91 0
      vertex 276.436 -175.661 0
    endloop
  endfacet
  facet normal 0 0 1
    outer loop
      vertex 276.465 -175.25 1.3
      vertex 276.462 -175.29 1.3
      vertex 276.439 -175.614 1.3
    endloop
  endfacet
  facet normal 0 0 1
    outer loop
      vertex 276.465 -175.25 1.3
      vertex 276.439 -175.614 1.3
      vertex 276.436 -175.661 1.3
    endloop
  endfacet
  facet normal 0.99752 -0.0703846 0
    outer loop
      vertex 276.465 -175.25 1.3
      vertex 276.436 -175.661 1.3
      vertex 276.436 -175.661 0
    endloop
  endfacet
  facet normal 0.997967 -0.0637 -0.00212333
    outer loop
      vertex 276.465 -175.25 1.3
      vertex 276.436 -175.661 0
      vertex 276.439 -175.614 0
    endloop
  endfacet
  facet normal 0.99749 -0.0708095 -0.000123147
    outer loop
      vertex 276.465 -175.25 1.3
      vertex 276.439 -175.614 0
      vertex 276.462 -175.29 0
    endloop
  endfacet
  facet normal 0.997199 -0.0747899 0
    outer loop
      vertex 276.465 -175.25 1.3
      vertex 276.462 -175.29 0
      vertex 276.465 -175.25 0
    endloop
  endfacet
  facet normal -0 1 0
    outer loop
      vertex 261.39 -156.086 1.3
      vertex 272.09 -156.086 1.3
      vertex 272.09 -156.086 0
    endloop
  endfacet
  facet normal 0 1 0
    outer loop
      vertex 261.39 -156.086 1.3
      vertex 272.09 -156.086 0
      vertex 271.745 -156.086 0
    endloop
  endfacet
  facet normal 0 1 0
    outer loop
      vertex 261.39 -156.086 1.3
      vertex 271.745 -156.086 0
      vertex 265.499 -156.086 0
    endloop
  endfacet
  facet normal 0 1 0
    outer loop
      vertex 261.39 -156.086 1.3
      vertex 265.499 -156.086 0
      vertex 261.39 -156.086 0
    endloop
  endfacet
  facet normal -0.159232 0.987241 0
    outer loop
      vertex 272.09 -156.086 1.3
      vertex 272.183 -156.071 1.3
      vertex 272.183 -156.071 0
    endloop
  endfacet
  facet normal -0.159232 0.987241 0
    outer loop
      vertex 272.09 -156.086 1.3
      vertex 272.183 -156.071 0
      vertex 272.09 -156.086 0
    endloop
  endfacet
  facet normal -0.451509 0.892267 0
    outer loop
      vertex 272.183 -156.071 1.3
      vertex 272.266 -156.029 1.3
      vertex 272.266 -156.029 0
    endloop
  endfacet
  facet normal -0.451509 0.892267 0
    outer loop
      vertex 272.183 -156.071 1.3
      vertex 272.266 -156.029 0
      vertex 272.183 -156.071 0
    endloop
  endfacet
  facet normal -0.707107 0.707107 0
    outer loop
      vertex 272.266 -156.029 1.3
      vertex 272.333 -155.962 1.3
      vertex 272.333 -155.962 0
    endloop
  endfacet
  facet normal -0.707107 0.707107 0
    outer loop
      vertex 272.266 -156.029 1.3
      vertex 272.333 -155.962 0
      vertex 272.266 -156.029 0
    endloop
  endfacet
  facet normal -0.892267 0.451509 0
    outer loop
      vertex 272.333 -155.962 1.3
      vertex 272.375 -155.879 1.3
      vertex 272.375 -155.879 0
    endloop
  endfacet
  facet normal -0.892267 0.451509 0
    outer loop
      vertex 272.333 -155.962 1.3
      vertex 272.375 -155.879 0
      vertex 272.333 -155.962 0
    endloop
  endfacet
  facet normal -0.987241 0.159232 0
    outer loop
      vertex 272.375 -155.879 1.3
      vertex 272.39 -155.786 1.3
      vertex 272.39 -155.786 0
    endloop
  endfacet
  facet normal -0.987241 0.159232 0
    outer loop
      vertex 272.375 -155.879 1.3
      vertex 272.39 -155.786 0
      vertex 272.375 -155.879 0
    endloop
  endfacet
  facet normal -1 0 0
    outer loop
      vertex 272.39 -155.786 1.3
      vertex 272.39 -130.586 1.3
      vertex 272.39 -130.586 0
    endloop
  endfacet
  facet normal -1 0 0
    outer loop
      vertex 272.39 -155.786 1.3
      vertex 272.39 -130.586 0
      vertex 272.39 -155.786 0
    endloop
  endfacet
  facet normal -0.987241 -0.159232 0
    outer loop
      vertex 272.39 -130.586 1.3
      vertex 272.375 -130.493 1.3
      vertex 272.375 -130.493 0
    endloop
  endfacet
  facet normal -0.987241 -0.159232 -0
    outer loop
      vertex 272.39 -130.586 1.3
      vertex 272.375 -130.493 0
      vertex 272.39 -130.586 0
    endloop
  endfacet
  facet normal -0.892267 -0.451509 0
    outer loop
      vertex 272.375 -130.493 1.3
      vertex 272.333 -130.41 1.3
      vertex 272.333 -130.41 0
    endloop
  endfacet
  facet normal -0.892267 -0.451509 -0
    outer loop
      vertex 272.375 -130.493 1.3
      vertex 272.333 -130.41 0
      vertex 272.375 -130.493 0
    endloop
  endfacet
  facet normal -0.707107 -0.707107 0
    outer loop
      vertex 272.333 -130.41 1.3
      vertex 272.266 -130.343 1.3
      vertex 272.266 -130.343 0
    endloop
  endfacet
  facet normal -0.707107 -0.707107 -0
    outer loop
      vertex 272.333 -130.41 1.3
      vertex 272.266 -130.343 0
      vertex 272.333 -130.41 0
    endloop
  endfacet
  facet normal -0.451509 -0.892267 0
    outer loop
      vertex 272.266 -130.343 1.3
      vertex 272.183 -130.301 1.3
      vertex 272.183 -130.301 0
    endloop
  endfacet
  facet normal -0.451509 -0.892267 -0
    outer loop
      vertex 272.266 -130.343 1.3
      vertex 272.183 -130.301 0
      vertex 272.266 -130.343 0
    endloop
  endfacet
  facet normal -0.159232 -0.987241 0
    outer loop
      vertex 272.183 -130.301 1.3
      vertex 272.09 -130.286 1.3
      vertex 272.09 -130.286 0
    endloop
  endfacet
  facet normal -0.159232 -0.987241 -0
    outer loop
      vertex 272.183 -130.301 1.3
      vertex 272.09 -130.286 0
      vertex 272.183 -130.301 0
    endloop
  endfacet
  facet normal -0 -1 0
    outer loop
      vertex 272.09 -130.286 1.3
      vertex 261.39 -130.286 1.3
      vertex 261.39 -130.286 0
    endloop
  endfacet
  facet normal 0 -1 -0
    outer loop
      vertex 272.09 -130.286 1.3
      vertex 261.39 -130.286 0
      vertex 272.09 -130.286 0
    endloop
  endfacet
  facet normal 0.159232 -0.987241 0
    outer loop
      vertex 261.39 -130.286 1.3
      vertex 261.297 -130.301 1.3
      vertex 261.297 -130.301 0
    endloop
  endfacet
  facet normal 0.159232 -0.987241 0
    outer loop
      vertex 261.39 -130.286 1.3
      vertex 261.297 -130.301 0
      vertex 261.39 -130.286 0
    endloop
  endfacet
  facet normal 0.451509 -0.892267 0
    outer loop
      vertex 261.297 -130.301 1.3
      vertex 261.214 -130.343 1.3
      vertex 261.214 -130.343 0
    endloop
  endfacet
  facet normal 0.451509 -0.892267 0
    outer loop
      vertex 261.297 -130.301 1.3
      vertex 261.214 -130.343 0
      vertex 261.297 -130.301 0
    endloop
  endfacet
  facet normal 0.707107 -0.707107 0
    outer loop
      vertex 261.214 -130.343 1.3
      vertex 261.147 -130.41 1.3
      vertex 261.147 -130.41 0
    endloop
  endfacet
  facet normal 0.707107 -0.707107 0
    outer loop
      vertex 261.214 -130.343 1.3
      vertex 261.147 -130.41 0
      vertex 261.214 -130.343 0
    endloop
  endfacet
  facet normal 0.892267 -0.451509 0
    outer loop
      vertex 261.147 -130.41 1.3
      vertex 261.105 -130.493 1.3
      vertex 261.105 -130.493 0
    endloop
  endfacet
  facet normal 0.892267 -0.451509 0
    outer loop
      vertex 261.147 -130.41 1.3
      vertex 261.105 -130.493 0
      vertex 261.147 -130.41 0
    endloop
  endfacet
  facet normal 0.987241 -0.159232 0
    outer loop
      vertex 261.105 -130.493 1.3
      vertex 261.09 -130.586 1.3
      vertex 261.09 -130.586 0
    endloop
  endfacet
  facet normal 0.987241 -0.159232 0
    outer loop
      vertex 261.105 -130.493 1.3
      vertex 261.09 -130.586 0
      vertex 261.105 -130.493 0
    endloop
  endfacet
  facet normal 1 0 0
    outer loop
      vertex 261.09 -130.586 1.3
      vertex 261.09 -155.786 1.3
      vertex 261.09 -155.786 0
    endloop
  endfacet
  facet normal 1 0 0
    outer loop
      vertex 261.09 -130.586 1.3
      vertex 261.09 -155.786 0
      vertex 261.09 -130.586 0
    endloop
  endfacet
  facet normal 0.987241 0.159232 0
    outer loop
      vertex 261.09 -155.786 1.3
      vertex 261.105 -155.879 1.3
      vertex 261.105 -155.879 0
    endloop
  endfacet
  facet normal 0.987241 0.159232 0
    outer loop
      vertex 261.09 -155.786 1.3
      vertex 261.105 -155.879 0
      vertex 261.09 -155.786 0
    endloop
  endfacet
  facet normal 0.892267 0.451509 0
    outer loop
      vertex 261.105 -155.879 1.3
      vertex 261.147 -155.962 1.3
      vertex 261.147 -155.962 0
    endloop
  endfacet
  facet normal 0.892267 0.451509 0
    outer loop
      vertex 261.105 -155.879 1.3
      vertex 261.147 -155.962 0
      vertex 261.105 -155.879 0
    endloop
  endfacet
  facet normal 0.707107 0.707107 0
    outer loop
      vertex 261.147 -155.962 1.3
      vertex 261.214 -156.029 1.3
      vertex 261.214 -156.029 0
    endloop
  endfacet
  facet normal 0.707107 0.707107 0
    outer loop
      vertex 261.147 -155.962 1.3
      vertex 261.214 -156.029 0
      vertex 261.147 -155.962 0
    endloop
  endfacet
  facet normal 0.451509 0.892267 0
    outer loop
      vertex 261.214 -156.029 1.3
      vertex 261.297 -156.071 1.3
      vertex 261.297 -156.071 0
    endloop
  endfacet
  facet normal 0.451509 0.892267 0
    outer loop
      vertex 261.214 -156.029 1.3
      vertex 261.297 -156.071 0
      vertex 261.214 -156.029 0
    endloop
  endfacet
  facet normal 0.159232 0.987241 0
    outer loop
      vertex 261.297 -156.071 1.3
      vertex 261.39 -156.086 1.3
      vertex 261.39 -156.086 0
    endloop
  endfacet
  facet normal 0.159232 0.987241 0
    outer loop
      vertex 261.297 -156.071 1.3
      vertex 261.39 -156.086 0
      vertex 261.297 -156.071 0
    endloop
  endfacet
  facet normal -0.988757 0.149534 0
    outer loop
      vertex 260.991 -167.76 1.3
      vertex 261.04 -167.436 1.3
      vertex 261.04 -167.436 0
    endloop
  endfacet
  facet normal -0.988757 0.149534 0
    outer loop
      vertex 260.991 -167.76 1.3
      vertex 261.04 -167.436 0
      vertex 260.991 -167.76 0
    endloop
  endfacet
  facet normal -0.988757 -0.149534 0
    outer loop
      vertex 261.04 -167.436 1.3
      vertex 260.991 -167.112 1.3
      vertex 260.991 -167.112 0
    endloop
  endfacet
  facet normal -0.988757 -0.149534 -0
    outer loop
      vertex 261.04 -167.436 1.3
      vertex 260.991 -167.112 0
      vertex 261.04 -167.436 0
    endloop
  endfacet
  facet normal -0.901618 -0.432533 0
    outer loop
      vertex 260.991 -167.112 1.3
      vertex 260.849 -166.816 1.3
      vertex 260.849 -166.816 0
    endloop
  endfacet
  facet normal -0.901618 -0.432533 -0
    outer loop
      vertex 260.991 -167.112 1.3
      vertex 260.849 -166.816 0
      vertex 260.991 -167.112 0
    endloop
  endfacet
  facet normal -0.732576 -0.680685 0
    outer loop
      vertex 260.849 -166.816 1.3
      vertex 260.626 -166.576 1.3
      vertex 260.626 -166.576 0
    endloop
  endfacet
  facet normal -0.732576 -0.680685 -0
    outer loop
      vertex 260.849 -166.816 1.3
      vertex 260.626 -166.576 0
      vertex 260.849 -166.816 0
    endloop
  endfacet
  facet normal -0.500074 -0.865982 0
    outer loop
      vertex 260.626 -166.576 1.3
      vertex 260.342 -166.412 1.3
      vertex 260.342 -166.412 0
    endloop
  endfacet
  facet normal -0.500074 -0.865982 -0
    outer loop
      vertex 260.626 -166.576 1.3
      vertex 260.342 -166.412 0
      vertex 260.626 -166.576 0
    endloop
  endfacet
  facet normal -0.222411 -0.974953 0
    outer loop
      vertex 260.342 -166.412 1.3
      vertex 260.022 -166.339 1.3
      vertex 260.022 -166.339 0
    endloop
  endfacet
  facet normal -0.222411 -0.974953 -0
    outer loop
      vertex 260.342 -166.412 1.3
      vertex 260.022 -166.339 0
      vertex 260.342 -166.412 0
    endloop
  endfacet
  facet normal 0.0762301 -0.99709 0
    outer loop
      vertex 260.022 -166.339 1.3
      vertex 259.695 -166.364 1.3
      vertex 259.695 -166.364 0
    endloop
  endfacet
  facet normal 0.0762301 -0.99709 0
    outer loop
      vertex 260.022 -166.339 1.3
      vertex 259.695 -166.364 0
      vertex 260.022 -166.339 0
    endloop
  endfacet
  facet normal 0.363478 -0.931603 0
    outer loop
      vertex 259.695 -166.364 1.3
      vertex 259.39 -166.483 1.3
      vertex 259.39 -166.483 0
    endloop
  endfacet
  facet normal 0.363478 -0.931603 0
    outer loop
      vertex 259.695 -166.364 1.3
      vertex 259.39 -166.483 0
      vertex 259.695 -166.364 0
    endloop
  endfacet
  facet normal 0.625067 -0.780571 0
    outer loop
      vertex 259.39 -166.483 1.3
      vertex 259.134 -166.688 1.3
      vertex 259.134 -166.688 0
    endloop
  endfacet
  facet normal 0.625067 -0.780571 0
    outer loop
      vertex 259.39 -166.483 1.3
      vertex 259.134 -166.688 0
      vertex 259.39 -166.483 0
    endloop
  endfacet
  facet normal 0.825905 -0.56381 0
    outer loop
      vertex 259.134 -166.688 1.3
      vertex 258.949 -166.959 1.3
      vertex 258.949 -166.959 0
    endloop
  endfacet
  facet normal 0.825905 -0.56381 0
    outer loop
      vertex 259.134 -166.688 1.3
      vertex 258.949 -166.959 0
      vertex 259.134 -166.688 0
    endloop
  endfacet
  facet normal 0.955183 -0.296015 0
    outer loop
      vertex 258.949 -166.959 1.3
      vertex 258.852 -167.272 1.3
      vertex 258.852 -167.272 0
    endloop
  endfacet
  facet normal 0.955183 -0.296015 0
    outer loop
      vertex 258.949 -166.959 1.3
      vertex 258.852 -167.272 0
      vertex 258.949 -166.959 0
    endloop
  endfacet
  facet normal 1 0 -0
    outer loop
      vertex 258.852 -167.272 0
      vertex 258.852 -167.272 1.3
      vertex 258.852 -167.6 1.3
    endloop
  endfacet
  facet normal 1 0 0
    outer loop
      vertex 258.852 -167.272 0
      vertex 258.852 -167.6 1.3
      vertex 258.852 -167.6 0
    endloop
  endfacet
  facet normal 0.955183 0.296015 0
    outer loop
      vertex 258.852 -167.6 1.3
      vertex 258.949 -167.913 1.3
      vertex 258.949 -167.913 0
    endloop
  endfacet
  facet normal 0.955183 0.296015 0
    outer loop
      vertex 258.852 -167.6 1.3
      vertex 258.949 -167.913 0
      vertex 258.852 -167.6 0
    endloop
  endfacet
  facet normal 0.825905 0.56381 0
    outer loop
      vertex 258.949 -167.913 1.3
      vertex 259.134 -168.184 1.3
      vertex 259.134 -168.184 0
    endloop
  endfacet
  facet normal 0.825905 0.56381 0
    outer loop
      vertex 258.949 -167.913 1.3
      vertex 259.134 -168.184 0
      vertex 258.949 -167.913 0
    endloop
  endfacet
  facet normal 0.625067 0.780571 0
    outer loop
      vertex 259.134 -168.184 1.3
      vertex 259.39 -168.389 1.3
      vertex 259.39 -168.389 0
    endloop
  endfacet
  facet normal 0.625067 0.780571 0
    outer loop
      vertex 259.134 -168.184 1.3
      vertex 259.39 -168.389 0
      vertex 259.134 -168.184 0
    endloop
  endfacet
  facet normal 0.363478 0.931603 0
    outer loop
      vertex 259.39 -168.389 1.3
      vertex 259.695 -168.508 1.3
      vertex 259.695 -168.508 0
    endloop
  endfacet
  facet normal 0.363478 0.931603 0
    outer loop
      vertex 259.39 -168.389 1.3
      vertex 259.695 -168.508 0
      vertex 259.39 -168.389 0
    endloop
  endfacet
  facet normal 0.0762301 0.99709 0
    outer loop
      vertex 259.695 -168.508 1.3
      vertex 260.022 -168.533 1.3
      vertex 260.022 -168.533 0
    endloop
  endfacet
  facet normal 0.0762301 0.99709 0
    outer loop
      vertex 259.695 -168.508 1.3
      vertex 260.022 -168.533 0
      vertex 259.695 -168.508 0
    endloop
  endfacet
  facet normal -0.222411 0.974953 0
    outer loop
      vertex 260.022 -168.533 1.3
      vertex 260.342 -168.46 1.3
      vertex 260.342 -168.46 0
    endloop
  endfacet
  facet normal -0.222411 0.974953 0
    outer loop
      vertex 260.022 -168.533 1.3
      vertex 260.342 -168.46 0
      vertex 260.022 -168.533 0
    endloop
  endfacet
  facet normal -0.500074 0.865982 0
    outer loop
      vertex 260.342 -168.46 1.3
      vertex 260.626 -168.296 1.3
      vertex 260.626 -168.296 0
    endloop
  endfacet
  facet normal -0.500074 0.865982 0
    outer loop
      vertex 260.342 -168.46 1.3
      vertex 260.626 -168.296 0
      vertex 260.342 -168.46 0
    endloop
  endfacet
  facet normal -0.732576 0.680685 0
    outer loop
      vertex 260.626 -168.296 1.3
      vertex 260.849 -168.056 1.3
      vertex 260.849 -168.056 0
    endloop
  endfacet
  facet normal -0.732576 0.680685 0
    outer loop
      vertex 260.626 -168.296 1.3
      vertex 260.849 -168.056 0
      vertex 260.626 -168.296 0
    endloop
  endfacet
  facet normal -0.901618 0.432533 0
    outer loop
      vertex 260.849 -168.056 1.3
      vertex 260.991 -167.76 1.3
      vertex 260.991 -167.76 0
    endloop
  endfacet
  facet normal -0.901618 0.432533 0
    outer loop
      vertex 260.849 -168.056 1.3
      vertex 260.991 -167.76 0
      vertex 260.849 -168.056 0
    endloop
  endfacet
  facet normal -0.988757 0.149534 0
    outer loop
      vertex 274.591 -175.614 1.3
      vertex 274.64 -175.29 1.3
      vertex 274.64 -175.29 0
    endloop
  endfacet
  facet normal -0.988757 0.149534 0
    outer loop
      vertex 274.591 -175.614 1.3
      vertex 274.64 -175.29 0
      vertex 274.591 -175.614 0
    endloop
  endfacet
  facet normal -0.988757 -0.149534 0
    outer loop
      vertex 274.64 -175.29 1.3
      vertex 274.591 -174.966 1.3
      vertex 274.591 -174.966 0
    endloop
  endfacet
  facet normal -0.988757 -0.149534 -0
    outer loop
      vertex 274.64 -175.29 1.3
      vertex 274.591 -174.966 0
      vertex 274.64 -175.29 0
    endloop
  endfacet
  facet normal -0.901618 -0.432533 0
    outer loop
      vertex 274.591 -174.966 1.3
      vertex 274.449 -174.67 1.3
      vertex 274.449 -174.67 0
    endloop
  endfacet
  facet normal -0.901618 -0.432533 -0
    outer loop
      vertex 274.591 -174.966 1.3
      vertex 274.449 -174.67 0
      vertex 274.591 -174.966 0
    endloop
  endfacet
  facet normal -0.732576 -0.680685 0
    outer loop
      vertex 274.449 -174.67 1.3
      vertex 274.226 -174.43 1.3
      vertex 274.226 -174.43 0
    endloop
  endfacet
  facet normal -0.732576 -0.680685 -0
    outer loop
      vertex 274.449 -174.67 1.3
      vertex 274.226 -174.43 0
      vertex 274.449 -174.67 0
    endloop
  endfacet
  facet normal -0.500074 -0.865982 0
    outer loop
      vertex 274.226 -174.43 1.3
      vertex 273.942 -174.266 1.3
      vertex 273.942 -174.266 0
    endloop
  endfacet
  facet normal -0.500074 -0.865982 -0
    outer loop
      vertex 274.226 -174.43 1.3
      vertex 273.942 -174.266 0
      vertex 274.226 -174.43 0
    endloop
  endfacet
  facet normal -0.222411 -0.974953 0
    outer loop
      vertex 273.942 -174.266 1.3
      vertex 273.622 -174.193 1.3
      vertex 273.622 -174.193 0
    endloop
  endfacet
  facet normal -0.222411 -0.974953 -0
    outer loop
      vertex 273.942 -174.266 1.3
      vertex 273.622 -174.193 0
      vertex 273.942 -174.266 0
    endloop
  endfacet
  facet normal 0.0762301 -0.99709 0
    outer loop
      vertex 273.622 -174.193 1.3
      vertex 273.295 -174.218 1.3
      vertex 273.295 -174.218 0
    endloop
  endfacet
  facet normal 0.0762301 -0.99709 0
    outer loop
      vertex 273.622 -174.193 1.3
      vertex 273.295 -174.218 0
      vertex 273.622 -174.193 0
    endloop
  endfacet
  facet normal 0.363478 -0.931603 0
    outer loop
      vertex 273.295 -174.218 1.3
      vertex 272.99 -174.337 1.3
      vertex 272.99 -174.337 0
    endloop
  endfacet
  facet normal 0.363478 -0.931603 0
    outer loop
      vertex 273.295 -174.218 1.3
      vertex 272.99 -174.337 0
      vertex 273.295 -174.218 0
    endloop
  endfacet
  facet normal 0.625067 -0.780571 0
    outer loop
      vertex 272.99 -174.337 1.3
      vertex 272.734 -174.542 1.3
      vertex 272.734 -174.542 0
    endloop
  endfacet
  facet normal 0.625067 -0.780571 0
    outer loop
      vertex 272.99 -174.337 1.3
      vertex 272.734 -174.542 0
      vertex 272.99 -174.337 0
    endloop
  endfacet
  facet normal 0.825905 -0.56381 0
    outer loop
      vertex 272.734 -174.542 1.3
      vertex 272.549 -174.813 1.3
      vertex 272.549 -174.813 0
    endloop
  endfacet
  facet normal 0.825905 -0.56381 0
    outer loop
      vertex 272.734 -174.542 1.3
      vertex 272.549 -174.813 0
      vertex 272.734 -174.542 0
    endloop
  endfacet
  facet normal 0.955183 -0.296015 0
    outer loop
      vertex 272.549 -174.813 1.3
      vertex 272.452 -175.126 1.3
      vertex 272.452 -175.126 0
    endloop
  endfacet
  facet normal 0.955183 -0.296015 0
    outer loop
      vertex 272.549 -174.813 1.3
      vertex 272.452 -175.126 0
      vertex 272.549 -174.813 0
    endloop
  endfacet
  facet normal 1 0 -0
    outer loop
      vertex 272.452 -175.126 0
      vertex 272.452 -175.126 1.3
      vertex 272.452 -175.454 1.3
    endloop
  endfacet
  facet normal 1 0 0
    outer loop
      vertex 272.452 -175.126 0
      vertex 272.452 -175.454 1.3
      vertex 272.452 -175.454 0
    endloop
  endfacet
  facet normal 0.955183 0.296015 0
    outer loop
      vertex 272.452 -175.454 1.3
      vertex 272.549 -175.767 1.3
      vertex 272.549 -175.767 0
    endloop
  endfacet
  facet normal 0.955183 0.296015 0
    outer loop
      vertex 272.452 -175.454 1.3
      vertex 272.549 -175.767 0
      vertex 272.452 -175.454 0
    endloop
  endfacet
  facet normal 0.825905 0.56381 0
    outer loop
      vertex 272.549 -175.767 1.3
      vertex 272.734 -176.038 1.3
      vertex 272.734 -176.038 0
    endloop
  endfacet
  facet normal 0.825905 0.56381 0
    outer loop
      vertex 272.549 -175.767 1.3
      vertex 272.734 -176.038 0
      vertex 272.549 -175.767 0
    endloop
  endfacet
  facet normal 0.625067 0.780571 0
    outer loop
      vertex 272.734 -176.038 1.3
      vertex 272.99 -176.243 1.3
      vertex 272.99 -176.243 0
    endloop
  endfacet
  facet normal 0.625067 0.780571 0
    outer loop
      vertex 272.734 -176.038 1.3
      vertex 272.99 -176.243 0
      vertex 272.734 -176.038 0
    endloop
  endfacet
  facet normal 0.363478 0.931603 0
    outer loop
      vertex 272.99 -176.243 1.3
      vertex 273.295 -176.362 1.3
      vertex 273.295 -176.362 0
    endloop
  endfacet
  facet normal 0.363478 0.931603 0
    outer loop
      vertex 272.99 -176.243 1.3
      vertex 273.295 -176.362 0
      vertex 272.99 -176.243 0
    endloop
  endfacet
  facet normal 0.0762301 0.99709 0
    outer loop
      vertex 273.295 -176.362 1.3
      vertex 273.622 -176.387 1.3
      vertex 273.622 -176.387 0
    endloop
  endfacet
  facet normal 0.0762301 0.99709 0
    outer loop
      vertex 273.295 -176.362 1.3
      vertex 273.622 -176.387 0
      vertex 273.295 -176.362 0
    endloop
  endfacet
  facet normal -0.222411 0.974953 0
    outer loop
      vertex 273.622 -176.387 1.3
      vertex 273.942 -176.314 1.3
      vertex 273.942 -176.314 0
    endloop
  endfacet
  facet normal -0.222411 0.974953 0
    outer loop
      vertex 273.622 -176.387 1.3
      vertex 273.942 -176.314 0
      vertex 273.622 -176.387 0
    endloop
  endfacet
  facet normal -0.500074 0.865982 0
    outer loop
      vertex 273.942 -176.314 1.3
      vertex 274.226 -176.15 1.3
      vertex 274.226 -176.15 0
    endloop
  endfacet
  facet normal -0.500074 0.865982 0
    outer loop
      vertex 273.942 -176.314 1.3
      vertex 274.226 -176.15 0
      vertex 273.942 -176.314 0
    endloop
  endfacet
  facet normal -0.732576 0.680685 0
    outer loop
      vertex 274.226 -176.15 1.3
      vertex 274.449 -175.91 1.3
      vertex 274.449 -175.91 0
    endloop
  endfacet
  facet normal -0.732576 0.680685 0
    outer loop
      vertex 274.226 -176.15 1.3
      vertex 274.449 -175.91 0
      vertex 274.226 -176.15 0
    endloop
  endfacet
  facet normal -0.901618 0.432533 0
    outer loop
      vertex 274.449 -175.91 1.3
      vertex 274.591 -175.614 1.3
      vertex 274.591 -175.614 0
    endloop
  endfacet
  facet normal -0.901618 0.432533 0
    outer loop
      vertex 274.449 -175.91 1.3
      vertex 274.591 -175.614 0
      vertex 274.449 -175.91 0
    endloop
  endfacet
endsolid OpenSCAD_Model
